{
  "seed": 456,
  "accuracy": 0.6013986013986014,
  "precision": 0.45666235540843697,
  "recall": 0.6013986013986014,
  "f1": 0.4944702420614002,
  "class_precision": [
    0.990909090909091,
    0.4670846394984326,
    0.0
  ],
  "class_recall": [
    0.8582677165354331,
    0.9933333333333333,
    0.0
  ],
  "class_f1": [
    0.919831223628692,
    0.6353944562899787,
    0.0
  ],
  "train_samples": 1312,
  "val_samples": 328,
  "test_samples": 429,
  "total_samples": 2069,
  "training_history": {
    "loss": [
      875.0747680664062,
      90.6229248046875,
      48.90214538574219,
      70.43429565429688,
      44.862667083740234,
      41.39370346069336,
      42.60270690917969,
      56.16399002075195,
      10.090387344360352,
      14.086141586303711,
      15.33144474029541,
      17.194740295410156,
      10.502586364746094,
      19.172821044921875,
      9.205363273620605,
      13.800026893615723,
      22.53255271911621,
      9.937859535217285,
      13.823695182800293,
      7.020719051361084,
      19.721113204956055,
      12.208375930786133,
      12.363029479980469,
      8.692744255065918,
      5.48675537109375,
      8.806588172912598,
      2.8238682746887207,
      10.578871726989746,
      8.720441818237305,
      5.127297401428223,
      5.369565486907959,
      9.694188117980957,
      29.45683479309082,
      7.674533843994141,
      3.8583548069000244,
      4.112515926361084,
      7.561746597290039,
      4.634588241577148,
      3.4385249614715576,
      4.214602470397949,
      4.745879173278809,
      8.39892292022705
    ],
    "val_loss": [
      153.66452026367188,
      91.45118713378906,
      24.34490394592285,
      46.904937744140625,
      27.99162483215332,
      41.56460952758789,
      600.4321899414062,
      26.78774642944336,
      15.02365779876709,
      14.307744026184082,
      10.740601539611816,
      25.542423248291016,
      14.20844841003418,
      16.757099151611328,
      15.701482772827148,
      15.534541130065918,
      54.435874938964844,
      34.15454864501953,
      24.467369079589844,
      21.74152946472168,
      42.00579833984375,
      66.98229217529297,
      25.01252555847168,
      18.122678756713867,
      10.27204704284668,
      8.613443374633789,
      3.8083925247192383,
      32.2544059753418,
      18.288150787353516,
      6.95822286605835,
      4.2199578285217285,
      28.09372901916504,
      8.770925521850586,
      7.567804336547852,
      6.789317607879639,
      7.591461181640625,
      17.028892517089844,
      25.17963981628418,
      10.890214920043945,
      21.076763153076172,
      26.800588607788086,
      7.845333099365234
    ],
    "accuracy": [
      0.8833841681480408,
      0.9230182766914368,
      0.9512194991111755,
      0.9367377758026123,
      0.9314024448394775,
      0.9359756112098694,
      0.957317054271698,
      0.9306402206420898,
      0.9710366129875183,
      0.9649389982223511,
      0.9535061120986938,
      0.9542682766914368,
      0.9657012224197388,
      0.9512194991111755,
      0.9588414430618286,
      0.9641768336296082,
      0.9611280560493469,
      0.9702743887901306,
      0.9557926654815674,
      0.9771341681480408,
      0.9550305008888245,
      0.9649389982223511,
      0.9679877758026123,
      0.9702743887901306,
      0.9717987775802612,
      0.9679877758026123,
      0.9817073345184326,
      0.9725610017776489,
      0.9664633870124817,
      0.9778963327407837,
      0.9740853905677795,
      0.9672256112098694,
      0.9565548896789551,
      0.96875,
      0.9824694991111755,
      0.9794207215309143,
      0.9748475551605225,
      0.9771341681480408,
      0.9756097793579102,
      0.9771341681480408,
      0.9832317233085632,
      0.9748475551605225
    ],
    "val_accuracy": [
      0.8567073345184326,
      0.9390243887901306,
      0.9725610017776489,
      0.9481707215309143,
      0.9390243887901306,
      0.875,
      0.8384146094322205,
      0.9420731663703918,
      0.9756097793579102,
      0.9451219439506531,
      0.9725610017776489,
      0.9634146094322205,
      0.9603658318519592,
      0.9695122241973877,
      0.9603658318519592,
      0.9542682766914368,
      0.9512194991111755,
      0.917682945728302,
      0.9634146094322205,
      0.9512194991111755,
      0.9603658318519592,
      0.8932926654815674,
      0.9207317233085632,
      0.9542682766914368,
      0.9664633870124817,
      0.9786585569381714,
      0.9847561120986938,
      0.957317054271698,
      0.9603658318519592,
      0.9634146094322205,
      0.9878048896789551,
      0.9268292784690857,
      0.9817073345184326,
      0.9664633870124817,
      0.9695122241973877,
      0.9817073345184326,
      0.9481707215309143,
      0.9756097793579102,
      0.9664633870124817,
      0.9481707215309143,
      0.9512194991111755,
      0.9786585569381714
    ]
  }
}