{
  "seed": 789,
  "accuracy": 0.5524475524475524,
  "precision": 0.7967228665184556,
  "recall": 0.5524475524475524,
  "f1": 0.46262815273920505,
  "class_precision": [
    0.9772727272727273,
    0.4378698224852071,
    1.0
  ],
  "class_recall": [
    0.6771653543307087,
    0.9866666666666667,
    0.019736842105263157
  ],
  "class_f1": [
    0.8,
    0.6065573770491803,
    0.03870967741935484
  ],
  "train_samples": 1312,
  "val_samples": 328,
  "test_samples": 429,
  "total_samples": 2069,
  "training_history": {
    "loss": [
      928.5140991210938,
      82.4626693725586,
      67.77432250976562,
      48.54960632324219,
      57.66157531738281,
      28.138858795166016,
      28.518295288085938,
      14.55632495880127,
      42.19608688354492,
      9.677122116088867,
      8.969341278076172,
      7.671785831451416,
      5.317340850830078,
      8.304056167602539,
      14.171666145324707,
      4.768217086791992,
      16.907833099365234,
      9.081489562988281,
      3.0866036415100098,
      4.751368045806885,
      6.968942165374756,
      5.251046180725098,
      10.866941452026367,
      4.139379024505615,
      4.165115833282471,
      7.517022132873535,
      1.944777488708496,
      4.2728800773620605,
      14.237062454223633,
      2.318009853363037,
      4.159420013427734
    ],
    "val_loss": [
      186.7202911376953,
      71.27672576904297,
      33.1503791809082,
      23.110454559326172,
      40.34092330932617,
      35.843116760253906,
      13.926891326904297,
      19.02679443359375,
      10.104519844055176,
      36.93543243408203,
      9.867348670959473,
      12.446025848388672,
      25.72446060180664,
      11.095468521118164,
      18.949411392211914,
      4.7340312004089355,
      14.117087364196777,
      7.150877952575684,
      8.913793563842773,
      11.965575218200684,
      4.890038967132568,
      10.19271183013916,
      28.047929763793945,
      9.200811386108398,
      6.830051422119141,
      8.368115425109863,
      26.447494506835938,
      74.72696685791016,
      9.399186134338379,
      21.430545806884766,
      15.45119857788086
    ],
    "accuracy": [
      0.8559451103210449,
      0.9230182766914368,
      0.9321646094322205,
      0.9245426654815674,
      0.9184451103210449,
      0.9329268336296082,
      0.9336889982223511,
      0.9550305008888245,
      0.9253048896789551,
      0.9458841681480408,
      0.9580792784690857,
      0.9413110017776489,
      0.9466463327407837,
      0.9466463327407837,
      0.9382622241973877,
      0.9519817233085632,
      0.9352133870124817,
      0.9443597793579102,
      0.9626524448394775,
      0.9657012224197388,
      0.9542682766914368,
      0.9550305008888245,
      0.9474085569381714,
      0.9542682766914368,
      0.9618902206420898,
      0.9512194991111755,
      0.9740853905677795,
      0.9756097793579102,
      0.9519817233085632,
      0.9649389982223511,
      0.9588414430618286
    ],
    "val_accuracy": [
      0.8384146094322205,
      0.9481707215309143,
      0.9390243887901306,
      0.9634146094322205,
      0.9481707215309143,
      0.9298780560493469,
      0.9725610017776489,
      0.957317054271698,
      0.9512194991111755,
      0.8780487775802612,
      0.9420731663703918,
      0.9664633870124817,
      0.9634146094322205,
      0.9634146094322205,
      0.8902438879013062,
      0.9603658318519592,
      0.9268292784690857,
      0.9725610017776489,
      0.9664633870124817,
      0.9542682766914368,
      0.9725610017776489,
      0.9695122241973877,
      0.9664633870124817,
      0.9481707215309143,
      0.957317054271698,
      0.9512194991111755,
      0.9664633870124817,
      0.9512194991111755,
      0.9725610017776489,
      0.9451219439506531,
      0.957317054271698
    ]
  }
}