{
  "seed": 303,
  "performance_metrics": {
    "mse": 117.17292785644531,
    "rmse": 10.824644088745117,
    "r2": 0.47685205936431885,
    "rmspe": 87.53803253173828,
    "mae": 6.87632804788569,
    "residual_std": 10.749164480812055,
    "residual_mean": -1.2760831053539
  },
  "dataset_info": {
    "test_samples": 93,
    "volume_min": 2.938295841217041,
    "volume_max": 92.9000015258789,
    "volume_mean": 24.585435328945035,
    "volume_std": 14.965848400269108
  },
  "error_analysis": {
    "mean_absolute_error": 6.87632804788569,
    "median_absolute_error": 4.018875122070309,
    "max_absolute_error": 44.96253681182861,
    "mean_percentage_error": 43.89477988493027,
    "error_std": 8.359966369859496
  }
}