{
  "seed": 303,
  "mse": 32.541748046875,
  "rmse": 5.704537391662598,
  "r2": 0.9479125738143921,
  "rmspe": 60.21710205078125,
  "train_samples": 2367,
  "val_samples": 592,
  "test_samples": 145,
  "total_samples": 3104,
  "augmentation_ratio": 3.299168975069252,
  "training_history": {
    "loss": [
      19.743650436401367,
      15.886197090148926,
      14.669677734375,
      13.720191955566406,
      13.17299747467041,
      12.359848976135254,
      11.848713874816895,
      11.314818382263184,
      10.867223739624023,
      10.418130874633789,
      9.964871406555176,
      9.717633247375488,
      9.616947174072266,
      8.943129539489746,
      8.813273429870605,
      8.678311347961426,
      8.430585861206055,
      8.429344177246094,
      8.111623764038086,
      8.07483959197998,
      7.72433614730835,
      7.787125110626221,
      7.561432838439941,
      7.194081783294678,
      7.178410530090332,
      7.029667854309082,
      7.0957112312316895,
      6.7959136962890625,
      6.765067100524902,
      6.860552787780762,
      6.626097679138184,
      6.745176792144775,
      6.5891618728637695,
      6.305189609527588,
      6.382452964782715,
      6.3167924880981445,
      6.178502082824707,
      6.071261405944824,
      5.983727931976318,
      5.8895697593688965,
      5.878437042236328,
      5.867176055908203,
      6.023698806762695,
      5.877255439758301,
      5.685603141784668,
      5.723330020904541,
      5.569886684417725,
      5.607508182525635,
      5.52121114730835,
      5.550943374633789,
      5.503474235534668,
      5.4677205085754395,
      5.362287998199463,
      5.147663593292236,
      5.247402667999268,
      5.38552188873291,
      5.094722270965576,
      5.158415794372559,
      5.202937126159668,
      5.043229103088379,
      5.326663017272949,
      4.891648292541504,
      5.067112922668457,
      5.045604705810547,
      4.786729335784912,
      4.734316349029541,
      4.989206314086914,
      4.833599090576172,
      4.870413780212402,
      5.063317775726318,
      4.641578674316406,
      4.8112077713012695,
      4.6849684715271,
      4.72662878036499,
      4.633344650268555,
      4.813663005828857,
      4.688201904296875,
      4.487748146057129,
      4.617485523223877,
      4.775936126708984,
      4.555209159851074,
      4.5473809242248535,
      4.63002872467041,
      4.4431376457214355,
      4.505916595458984,
      4.3537774085998535,
      4.451511383056641,
      4.547215461730957,
      4.413267612457275,
      4.437203884124756,
      4.368025302886963,
      4.265163421630859,
      4.328236103057861,
      4.2877888679504395,
      4.23698091506958,
      4.368053436279297,
      4.1462507247924805,
      4.119300842285156,
      4.273166656494141,
      4.162081241607666,
      4.162824630737305,
      4.139971733093262,
      4.224782466888428,
      4.305468559265137,
      4.083558082580566,
      4.139327049255371,
      4.106947898864746,
      4.101619243621826,
      3.9709084033966064,
      3.9858555793762207,
      4.0537309646606445,
      4.188791751861572,
      4.078011989593506,
      3.9042952060699463,
      3.9572362899780273,
      3.887608766555786,
      3.9966776371002197,
      3.8766579627990723,
      3.976848602294922,
      3.841968536376953,
      4.059680938720703,
      3.92600679397583,
      3.803541898727417,
      3.9219982624053955,
      3.8841915130615234,
      3.924811363220215,
      3.8438704013824463,
      3.7677040100097656,
      3.8725619316101074,
      3.8057193756103516,
      3.840188980102539,
      3.9465112686157227,
      3.6974639892578125,
      3.884592056274414,
      3.78934383392334,
      3.7735183238983154,
      3.752061128616333,
      3.803131580352783,
      3.809669256210327,
      3.7578582763671875,
      3.6707396507263184,
      3.7176406383514404,
      3.761282444000244,
      3.6850874423980713,
      3.7051634788513184,
      3.6027674674987793,
      3.7136852741241455,
      3.741001844406128,
      3.580984592437744,
      3.6849100589752197,
      3.6367897987365723,
      3.4750027656555176,
      3.550941228866577,
      3.626075506210327,
      3.6191835403442383,
      3.583134412765503,
      3.5751495361328125,
      3.5514838695526123,
      3.3965392112731934,
      3.5826423168182373,
      3.6898131370544434,
      3.527200698852539,
      3.531355619430542,
      3.4585330486297607,
      3.484074831008911,
      3.402123212814331,
      3.5531959533691406,
      3.440493106842041,
      3.5212881565093994,
      3.3887317180633545,
      3.4816651344299316,
      3.4876456260681152,
      3.4457476139068604,
      3.4501030445098877,
      3.411954879760742,
      3.45890736579895,
      3.51640248298645,
      3.3629190921783447,
      3.3599910736083984,
      3.4725308418273926,
      3.437025785446167,
      3.3621065616607666,
      3.3427793979644775,
      3.5140092372894287,
      3.380279541015625,
      3.3610591888427734,
      3.399010419845581,
      3.3245084285736084,
      3.34381365776062,
      3.31781268119812,
      3.2835452556610107,
      3.356842517852783,
      3.390566825866699,
      3.3294379711151123,
      3.2980523109436035,
      3.265476942062378,
      3.2802622318267822,
      3.357802152633667,
      3.2244935035705566,
      3.324213981628418,
      3.326904773712158,
      3.3554747104644775,
      3.395023822784424,
      3.2406773567199707,
      3.223562479019165,
      3.205162763595581,
      3.290707588195801,
      3.2880046367645264,
      3.182981252670288
    ],