{
  "seed": 303,
  "mse": 117.17292785644531,
  "rmse": 10.824644088745117,
  "r2": 0.47685205936431885,
  "rmspe": 87.53803253173828,
  "train_samples": 1469,
  "val_samples": 368,
  "test_samples": 93,
  "total_samples": 1930,
  "augmentation_ratio": 3.150537634408602,
  "training_history": {
    "loss": [
      17.432594299316406,
      14.48196792602539,
      13.455124855041504,
      12.719220161437988,
      12.578439712524414,
      11.788591384887695,
      11.505226135253906,
      11.376631736755371,
      10.736496925354004,
      10.373327255249023,
      10.317463874816895,
      10.045409202575684,
      9.707405090332031,
      9.863470077514648,
      9.31002426147461,
      9.213123321533203,
      9.152159690856934,
      8.91888427734375,
      8.808839797973633,
      8.473381042480469,
      8.483985900878906,
      8.564098358154297,
      8.341423034667969,
      7.921035289764404,
      8.038806915283203,
      7.902126789093018,
      7.712550163269043,
      7.808300495147705,
      7.689235687255859,
      7.271437168121338,
      7.394275188446045,
      6.961120128631592,
      7.3315534591674805,
      6.935044765472412,
      6.809271335601807,
      6.994809150695801,
      6.821310520172119,
      6.971911430358887,
      6.833774566650391,
      6.7711181640625,
      6.573643684387207,
      6.557125091552734,
      6.512204170227051,
      6.403121471405029,
      6.070353031158447,
      6.038724899291992,
      6.02623176574707,
      6.09684419631958,
      6.14700984954834,
      6.10437536239624,
      6.264946937561035,
      5.759503364562988,
      5.719025135040283,
      5.80957555770874,
      5.719602584838867,
      5.687304496765137,
      5.64133882522583,
      6.12114143371582,
      5.340009689331055,
      5.704122066497803,
      5.5192413330078125,
      5.446902275085449,
      5.2933149337768555,
      5.423582553863525,
      5.2799482345581055,
      5.247654438018799,
      5.218657970428467,
      5.23418664932251,
      5.250570774078369,
      5.071953296661377,
      5.198620796203613,
      5.252306938171387,
      4.870228290557861,
      5.081081867218018,
      5.051370143890381,
      5.004396915435791,
      4.854655742645264,
      4.771478176116943,
      4.851870536804199,
      4.712043762207031,
      4.876864433288574,
      4.702710151672363,
      4.793875217437744,
      4.550080299377441,
      4.788853645324707,
      4.4822235107421875,
      4.654908657073975,
      4.66267204284668,
      4.595620155334473,
      4.517821311950684,
      4.431755542755127,
      4.4589619636535645,
      4.322339057922363,
      4.605751037597656,
      4.276046276092529,
      4.322316646575928,
      4.355854034423828,
      4.336334228515625,
      4.222261905670166,
      4.433544158935547,
      4.330142974853516,
      4.011129856109619,
      4.235428810119629,
      4.065025806427002,
      4.223029613494873,
      4.111874580383301,
      4.096259593963623,
      4.143743991851807,
      4.146223068237305,
      4.086104869842529,
      4.115218162536621,
      4.194094657897949,
      3.8381361961364746,
      4.009590148925781,
      3.9355111122131348,
      3.8677802085876465,
      3.96675968170166,
      3.7675702571868896,
      3.9965717792510986,
      3.8209831714630127,
      3.911940574645996,
      3.7479984760284424,
      3.8313844203948975,
      3.8297312259674072,
      3.81600284576416,
      3.6627538204193115,
      3.771824359893799,
      3.8183815479278564,
      3.6468749046325684,
      3.6073293685913086,
      3.5406289100646973,
      3.6808481216430664,
      3.744014263153076,
      3.525423049926758,
      3.7832226753234863,
      3.7753474712371826,
      3.4165995121002197,
      3.588634967803955,
      3.543306827545166,
      3.64833927154541,
      3.5337674617767334,
      3.703687906265259,
      3.3290462493896484,
      3.5855889320373535,
      3.612825870513916,
      3.386276960372925,
      3.564995527267456,
      3.205313205718994,
      3.551147699356079,
      3.485826253890991,
      3.581813335418701,
      3.471792221069336,
      3.411511182785034,
      3.5179553031921387,
      3.333730697631836,
      3.568450927734375,
      3.4443681240081787,
      3.4719204902648926,
      3.3335647583007812,
      3.3874852657318115,
      3.3428311347961426,
      3.2254722118377686,
      3.361412286758423,
      3.323554754257202,
      3.2332990169525146,
      3.2781805992126465,
      3.3518660068511963,
      3.423757791519165,
      3.160245180130005,
      3.2302086353302,
      3.1688759326934814,
      3.2404963970184326,
      3.197554588317871,
      3.179633378982544,
      3.132746934890747,
      3.2448043823242188,
      3.111029624938965,
      3.055345296859741,
      3.3590314388275146,
      3.037961959838867,
      3.304001569747925,
      3.180366277694702,
      3.1950953006744385,
      3.0874733924865723,
      3.114490032196045,
      3.292388916015625,
      3.1288468837738037,
      3.0859551429748535,
      2.9795784950256348,
      3.1300387382507324,
      3.253042459487915,
      3.016129493713379
    ],