{
  "seed": 404,
  "performance_metrics": {
    "mse": 53.13963317871094,
    "rmse": 7.289693832397461,
    "r2": 0.908056378364563,
    "rmspe": 232.44839477539062,
    "mae": 5.283484303182171,
    "residual_std": 7.241200266183888,
    "residual_mean": 0.8394332207659236
  },
  "dataset_info": {
    "test_samples": 93,
    "volume_min": 0.800000011920929,
    "volume_max": 160.1999969482422,
    "volume_mean": 28.08568097378618,
    "volume_std": 24.040771422543322
  },
  "error_analysis": {
    "mean_absolute_error": 5.283484303182171,
    "median_absolute_error": 4.044231414794915,
    "max_absolute_error": 28.35182952880859,
    "mean_percentage_error": 57.909120653440866,
    "error_std": 5.022392163614335
  }
}