{
  "seed": 404,
  "mse": 25.228181838989258,
  "rmse": 5.022766590118408,
  "r2": 0.9576502442359924,
  "rmspe": 68.41844940185547,
  "train_samples": 2367,
  "val_samples": 592,
  "test_samples": 145,
  "total_samples": 3104,
  "augmentation_ratio": 3.299168975069252,
  "training_history": {
    "loss": [
      20.19894790649414,
      15.990408897399902,
      14.810578346252441,
      13.804139137268066,
      13.1038236618042,
      12.542437553405762,
      11.859323501586914,
      11.421415328979492,
      10.773141860961914,
      10.570898056030273,
      10.183053970336914,
      10.009825706481934,
      9.593661308288574,
      9.380162239074707,
      9.030790328979492,
      8.957656860351562,
      8.495989799499512,
      8.554537773132324,
      8.053487777709961,
      7.807168483734131,
      8.075300216674805,
      7.696256160736084,
      7.677818298339844,
      7.455488204956055,
      7.489048480987549,
      7.185099124908447,
      7.419826030731201,
      7.080533504486084,
      6.99749755859375,
      6.88366174697876,
      6.856908798217773,
      6.726169586181641,
      6.553467273712158,
      6.641358375549316,
      6.456259250640869,
      6.458224296569824,
      6.399107456207275,
      6.0115742683410645,
      5.990004062652588,
      5.97758150100708,
      6.200121879577637,
      6.005343914031982,
      5.916863441467285,
      5.781198978424072,
      5.880344390869141,
      5.881030082702637,
      5.724491119384766,
      5.642098426818848,
      5.735761642456055,
      5.5225324630737305,
      5.486023902893066,
      5.487590312957764,
      5.381053924560547,
      5.466099739074707,
      5.33404541015625,
      5.159293174743652,
      5.233722686767578,
      5.227725505828857,
      5.295555114746094,
      5.274040699005127,
      5.189854145050049,
      5.132080554962158,
      5.023427486419678,
      5.120650768280029,
      5.011599063873291,
      4.906198024749756,
      5.103671550750732,
      4.986522197723389,
      4.803077697753906,
      4.840088844299316,
      4.719039440155029,
      4.78864860534668,
      4.868476867675781,
      4.847712516784668,
      4.750787258148193,
      4.760895729064941,
      4.740470886230469,
      4.601633071899414,
      4.736954212188721,
      4.6538825035095215,
      4.748783111572266,
      4.631138801574707,
      4.519898891448975,
      4.51436710357666,
      4.45060920715332,
      4.603659629821777,
      4.485250949859619,
      4.456143379211426,
      4.526240825653076,
      4.395328998565674,
      4.362277984619141,
      4.453665256500244,
      4.470333099365234,
      4.400594234466553,
      4.215677738189697,
      4.240519046783447,
      4.346395015716553,
      4.135130405426025,
      4.321057319641113,
      4.157751560211182,
      4.054354190826416,
      4.2445173263549805,
      4.227295398712158,
      4.260714054107666,
      4.303046703338623,
      4.164135456085205,
      4.206664562225342,
      4.152303695678711,
      4.147405624389648,
      4.1205902099609375,
      4.055634021759033,
      4.024527549743652,
      4.055324077606201,
      4.0680646896362305,
      3.9729082584381104,
      4.106099605560303,
      3.9439470767974854,
      4.053894996643066,
      4.063270568847656,
      3.946615695953369,
      4.047706604003906,
      4.0796403884887695,
      3.9811549186706543,
      3.981278657913208,
      4.045359134674072,
      3.840888738632202,
      3.8057873249053955,
      3.8068225383758545,
      3.8419103622436523,
      3.8435561656951904,
      3.914536714553833,
      3.8645105361938477,
      3.9019086360931396,
      3.9655370712280273,
      3.7382304668426514,
      3.9707682132720947,
      3.761866331100464,
      3.870857000350952,
      3.810920476913452,
      3.725642442703247,
      3.787912368774414,
      3.765061140060425,
      3.719205617904663,
      3.7058145999908447,
      3.657443046569824,
      3.685073137283325,
      3.7261650562286377,
      3.7550320625305176,
      3.749621868133545,
      3.6715755462646484,
      3.5676321983337402,
      3.684368133544922,
      3.6589298248291016,
      3.540874481201172,
      3.620659589767456,
      3.6182913780212402,
      3.7710909843444824,
      3.5860443115234375,
      3.651463270187378,
      3.673405885696411,
      3.5456063747406006,
      3.5272178649902344,
      3.5797078609466553,
      3.6188230514526367,
      3.635442018508911,
      3.6467537879943848,
      3.5217444896698,
      3.4863715171813965,
      3.5505003929138184,
      3.5109505653381348
    ],