{
  "seed": 404,
  "mse": 53.13963317871094,
  "rmse": 7.289693832397461,
  "r2": 0.908056378364563,
  "rmspe": 232.44839477539062,
  "train_samples": 1469,
  "val_samples": 368,
  "test_samples": 93,
  "total_samples": 1930,
  "augmentation_ratio": 3.150537634408602,
  "training_history": {
    "loss": [
      17.71575355529785,
      14.598649024963379,
      13.772692680358887,
      13.078898429870605,
      12.423308372497559,
      11.934106826782227,
      11.641600608825684,
      11.38394546508789,
      11.350042343139648,
      10.614262580871582,
      10.636781692504883,
      10.316276550292969,
      10.179242134094238,
      9.963069915771484,
      9.853581428527832,
      9.565463066101074,
      9.243682861328125,
      9.17095947265625,
      9.016349792480469,
      8.886754035949707,
      8.949734687805176,
      8.531708717346191,
      8.518132209777832,
      8.360420227050781,
      8.151459693908691,
      8.38222599029541,
      7.976467609405518,
      7.74608039855957,
      8.028674125671387,
      7.824162483215332,
      7.2841572761535645,
      7.668151378631592,
      7.146419525146484,
      7.198328495025635,
      7.276360511779785,
      7.12791109085083,
      7.055257320404053,
      6.907022953033447,
      6.995503902435303,
      7.0931291580200195,
      6.583094120025635,
      6.934093952178955,
      6.642336845397949,
      6.6386003494262695,
      6.387413501739502,
      6.76597261428833,
      6.252005100250244,
      6.29831600189209,
      6.131649971008301,
      6.362331867218018,
      5.957855701446533,
      6.064051151275635,
      6.24668025970459,
      5.7797088623046875,
      5.998046875,
      5.811618804931641,
      5.7466959953308105,
      5.769574165344238,
      5.663391590118408,
      5.593197345733643,
      5.908361911773682,
      5.629192352294922,
      5.544451713562012,
      5.458544731140137,
      5.660152912139893,
      5.54548454284668,
      5.584943771362305,
      5.270473480224609,
      5.3684797286987305,
      5.458370208740234,
      5.091418266296387,
      5.254909038543701,
      5.197244167327881,
      5.026856899261475,
      5.330331325531006,
      5.1999711990356445,
      5.027287483215332,
      5.20371150970459,
      5.2356438636779785,
      5.0338592529296875,
      4.891201019287109,
      4.92406702041626,
      5.141726016998291,
      4.98095703125,
      4.8858323097229,
      4.76706075668335,
      5.025052070617676,
      4.469507217407227,
      4.898818492889404,
      4.998131275177002,
      4.706833362579346,
      4.5327372550964355,
      4.718077659606934,
      4.39101505279541,
      4.707338809967041,
      4.66329288482666,
      4.5604753494262695,
      4.243610858917236,
      4.480334281921387,
      4.580136299133301,
      4.4773077964782715,
      4.407304286956787,
      4.279273509979248,
      4.321562767028809,
      4.420567035675049,
      4.441036224365234,
      4.283261299133301,
      4.311448574066162,
      4.098310470581055,
      4.262233734130859,
      4.311522006988525,
      4.151740074157715,
      4.4029154777526855,
      4.024598598480225,
      4.197479724884033,
      4.091183662414551,
      4.161949157714844,
      4.241206169128418,
      3.9259889125823975,
      4.049639701843262,
      4.091272354125977,
      3.9248199462890625,
      4.014803886413574,
      4.085629940032959,
      4.082259178161621,
      3.8021743297576904,
      3.913691282272339,
      3.909757614135742,
      3.82446026802063,
      4.022676467895508,
      3.765610694885254,
      4.084194183349609,
      3.94435715675354,
      3.7853052616119385,
      4.0696587562561035,
      3.8091068267822266,
      3.7601327896118164,
      3.857783555984497,
      3.9344747066497803,
      3.7166528701782227,
      3.6825826168060303,
      3.8791861534118652,
      3.7518346309661865,
      3.87784481048584,
      3.8954434394836426,
      3.550624132156372,
      3.73053240776062,
      3.969972610473633,
      3.588121175765991,
      3.733238458633423,
      3.7469849586486816,
      3.578202724456787,
      3.6155710220336914,
      3.5636096000671387,
      3.732715129852295,
      3.6021788120269775,
      3.552394151687622,
      3.690272092819214,
      3.6501433849334717,
      3.450688123703003,
      3.543045997619629,
      3.465672731399536,
      3.7029707431793213,
      3.4267256259918213,
      3.398655414581299,
      3.481227159500122,
      3.3823049068450928,
      3.6602365970611572,
      3.391000747680664,
      3.331080675125122,
      3.4197304248809814,
      3.5506889820098877,
      3.399197816848755,
      3.538245439529419,
      3.5655837059020996,
      3.3982093334198,
      3.3809518814086914,
      3.5003390312194824,
      3.2520735263824463,
      3.4733428955078125,
      3.367638349533081,
      3.5651540756225586,
      3.4101221561431885,
      3.311335325241089,
      3.297649621963501,
      3.400836229324341,
      3.5132007598876953,
      3.3191850185394287,
      3.4211182594299316,
      3.1155810356140137,
      3.339674472808838,
      3.41161847114563,
      3.1565823554992676,
      3.227914333343506,
      3.353898048400879,
      3.114501714706421,
      3.276642084121704,
      3.43747878074646,
      3.3616621494293213,
      3.237924098968506,
      3.2573676109313965,
      3.2190959453582764,
      3.184677839279175,
      3.226627826690674,
      3.130277156829834,
      3.2763047218322754,
      3.2842557430267334,
      3.12294602394104,
      3.247312545776367,
      3.1757636070251465,
      3.0656545162200928,
      3.35638165473938,
      3.0469374656677246
    ],