{
  "seed": 505,
  "performance_metrics": {
    "mse": 60.702693939208984,
    "rmse": 7.79119348526001,
    "r2": 0.7524206638336182,
    "rmspe": 314.05438232421875,
    "mae": 5.789352547096951,
    "residual_std": 7.786355596763292,
    "residual_mean": 0.2745244868340028
  },
  "dataset_info": {
    "test_samples": 93,
    "volume_min": 0.800000011920929,
    "volume_max": 73.5,
    "volume_mean": 26.28793608052756,
    "volume_std": 15.658379562177569
  },
  "error_analysis": {
    "mean_absolute_error": 5.789352547096951,
    "median_absolute_error": 4.461000442504888,
    "max_absolute_error": 28.109443664550785,
    "mean_percentage_error": 56.97583245587422,
    "error_std": 5.214028601622795
  }
}