{
  "seed": 505,
  "mse": 60.702693939208984,
  "rmse": 7.79119348526001,
  "r2": 0.7524206638336182,
  "rmspe": 314.05438232421875,
  "train_samples": 1469,
  "val_samples": 368,
  "test_samples": 93,
  "total_samples": 1930,
  "augmentation_ratio": 3.150537634408602,
  "training_history": {
    "loss": [
      17.394149780273438,
      14.870162010192871,
      13.48109245300293,
      12.848504066467285,
      12.419890403747559,
      11.878952980041504,
      11.55871868133545,
      11.015717506408691,
      10.721142768859863,
      10.733529090881348,
      10.129692077636719,
      10.087401390075684,
      9.72006893157959,
      9.696432113647461,
      9.534207344055176,
      9.269150733947754,
      9.1901273727417,
      8.989290237426758,
      8.681800842285156,
      8.489627838134766,
      8.33219051361084,
      8.293651580810547,
      7.767438888549805,
      7.867135047912598,
      7.9473652839660645,
      7.795474529266357,
      7.5802412033081055,
      7.503627777099609,
      7.235044956207275,
      7.360768795013428,
      7.170815467834473,
      6.921459674835205,
      6.656038284301758,
      6.905789375305176,
      6.735060214996338,
      6.629501819610596,
      6.776214122772217,
      6.355278968811035,
      6.481797695159912,
      6.514016151428223,
      6.506340503692627,
      6.385095119476318,
      6.019064426422119,
      6.129931926727295,
      6.114317417144775,
      6.135916233062744,
      5.824568271636963,
      6.021236419677734,
      5.960106372833252,
      5.582319259643555,
      5.601212978363037,
      5.833003044128418,
      5.689560413360596,
      5.696629524230957,
      5.078314304351807,
      5.410687446594238,
      5.207387447357178,
      5.409976005554199,
      5.3828043937683105,
      5.323963165283203,
      5.285556793212891,
      5.119264602661133,
      5.208693981170654,
      5.427855491638184,
      5.039421081542969,
      4.853744983673096,
      5.010951995849609,
      4.941778659820557,
      4.883040904998779,
      4.878885746002197,
      4.793604850769043,
      4.8655171394348145,
      4.747097969055176,
      4.840550422668457,
      4.86176872253418,
      4.748204231262207,
      4.5152363777160645,
      4.734263896942139,
      4.441406726837158,
      4.305887222290039,
      4.8457183837890625,
      4.3503642082214355,
      4.635056972503662,
      4.736541271209717,
      4.557377815246582,
      4.250643253326416,
      4.537393093109131,
      4.208081245422363,
      4.152632236480713,
      4.203570365905762,
      4.411828517913818,
      4.2065839767456055,
      4.165792942047119,
      4.244470119476318,
      4.067408084869385,
      4.3918867111206055,
      4.105691909790039,
      4.180179595947266,
      4.1654229164123535,
      4.138468265533447,
      4.181384086608887,
      3.9955251216888428,
      4.1712751388549805,
      4.127951145172119,
      3.9657905101776123,
      4.070483207702637,
      3.997635841369629,
      4.070819854736328,
      3.9076030254364014,
      3.844508409500122,
      3.8740761280059814,
      4.113159656524658,
      3.9739830493927,
      3.821178674697876,
      3.950390338897705,
      3.9700608253479004,
      3.8933539390563965,
      3.8533551692962646,
      3.777280330657959,
      3.7182846069335938,
      3.71242356300354,
      3.8782618045806885,
      4.035577297210693,
      3.844813108444214,
      3.603358745574951,
      3.8025825023651123,
      3.6918201446533203,
      3.7083239555358887,
      3.4928088188171387,
      3.643519163131714,
      3.799626111984253,
      3.574819564819336,
      3.4720139503479004,
      3.91679310798645,
      3.5261571407318115,
      3.5329275131225586,
      3.3724749088287354,
      3.8068127632141113,
      3.578084945678711,
      3.6295969486236572,
      3.3842270374298096,
      3.6041057109832764,
      3.4873836040496826,
      3.4990227222442627,
      3.436599016189575,
      3.4904532432556152,
      3.425339460372925,
      3.5462050437927246,
      3.380152940750122,
      3.4144043922424316,
      3.4541432857513428,
      3.3253936767578125,
      3.4990742206573486,
      3.3534836769104004,
      3.4846630096435547,
      3.6296138763427734,
      3.2079553604125977,
      3.210073471069336,
      3.483466148376465,
      3.252934217453003,
      3.345153570175171,
      3.5099472999572754,
      3.1544876098632812,
      3.236448287963867,
      3.2452359199523926,
      3.542227029800415,
      3.1202476024627686,
      3.356001853942871,
      3.2614729404449463,
      3.206731081008911,
      3.3583943843841553,
      3.2801194190979004,
      3.3871734142303467,
      3.4062745571136475,
      3.2057580947875977,
      3.2186925411224365,
      3.2866532802581787,
      3.0987820625305176,
      3.32124400138855,
      3.3483726978302,
      3.3088650703430176,
      3.390846014022827,
      3.0430808067321777,
      3.151111364364624,
      3.2064337730407715,
      3.1154685020446777,
      3.1892666816711426,
      3.2452104091644287,
      3.1078619956970215,
      3.105464458465576,
      3.2703990936279297,
      3.0476744174957275,
      3.1920926570892334,
      3.2382235527038574,
      2.9282283782958984,
      3.0365891456604004,
      3.091845750808716,
      3.0929198265075684,
      3.038158655166626,
      3.091066837310791,
      3.0248141288757324,
      3.0170254707336426,
      3.104182720184326,
      2.964951515197754,
      3.0687499046325684,
      3.02187180519104,
      3.0897884368896484,
      3.026017665863037,
      3.2103559970855713,
      3.0767219066619873,
      3.0561232566833496,
      3.1432418823242188,
      2.917152166366577,
      3.0423972606658936,
      2.823470115661621,
      3.1002352237701416,
      2.8083884716033936,
      2.927905559539795,
      3.1119606494903564,
      2.9835562705993652,
      2.9108448028564453,
      3.0575103759765625,
      3.109832525253296,
      2.914973020553589,
      2.8103830814361572,
      2.958106279373169,
      2.835310935974121,
      2.9991633892059326,
      2.7557530403137207,
      3.072770118713379,
      2.883345127105713,
      3.0372443199157715,
      2.879138708114624,
      3.0330159664154053,
      2.912261724472046,
      2.992370367050171,
      2.862327814102173,
      2.9571831226348877,
      3.0536131858825684,
      2.792659282684326,
      2.6736271381378174,
      2.9530560970306396,
      2.737302303314209,
      3.007073402404785,
      2.8133652210235596,
      2.798910617828369,
      2.8364756107330322,
      2.848975419998169,
      2.8926727771759033,
      2.8774449825286865,
      2.9493536949157715,
      2.7820658683776855,
      2.703852891921997,
      2.949007749557495,
      2.864611864089966,
      2.730872869491577,
      2.8705899715423584,
      2.8375725746154785,
      2.6586806774139404,
      2.908184766769409,
      2.8551082611083984,
      2.8721227645874023,
      2.6968774795532227,
      2.789261817932129,
      2.7614057064056396,
      2.6582789421081543,
      2.6409759521484375,
      2.7464466094970703,
      2.756804943084717,
      2.7253262996673584,
      2.8317148685455322,
      2.7197234630584717,
      2.760051727294922
    ],