{
  "seed": 505,
  "mse": 44.27427291870117,
  "rmse": 6.653891563415527,
  "r2": 0.9252322912216187,
  "rmspe": 94.92898559570312,
  "train_samples": 2367,
  "val_samples": 592,
  "test_samples": 145,
  "total_samples": 3104,
  "augmentation_ratio": 3.299168975069252,
  "training_history": {
    "loss": [
      19.28228759765625,
      15.836898803710938,
      14.885516166687012,
      14.055428504943848,
      13.29577350616455,
      12.495878219604492,
      11.95543098449707,
      11.42480754852295,
      11.110533714294434,
      10.638486862182617,
      10.071022987365723,
      9.80884075164795,
      9.38336181640625,
      9.141960144042969,
      8.774279594421387,
      8.728110313415527,
      8.460644721984863,
      8.369950294494629,
      8.124903678894043,
      7.808341979980469,
      7.6646037101745605,
      7.382728576660156,
      7.471158504486084,
      7.160798072814941,
      7.124189376831055,
      7.055418491363525,
      6.782774925231934,
      6.815232753753662,
      6.698012351989746,
      6.519210338592529,
      6.335191249847412,
      6.31187105178833,
      6.488029479980469,
      6.086390495300293,
      6.090175628662109,
      6.266555309295654,
      5.953514575958252,
      5.676575183868408,
      5.77976655960083,
      5.8646392822265625,
      5.737486362457275,
      5.685393333435059,
      5.6759443283081055,
      5.458904266357422,
      5.498349666595459,
      5.469509601593018,
      5.29725456237793,
      5.404002666473389,
      5.360191822052002,
      5.319118499755859,
      5.275848865509033,
      5.221514701843262,
      5.189154148101807,
      4.987000942230225,
      5.067892074584961,
      4.94442892074585,
      4.958983898162842,
      4.831306457519531,
      5.033396244049072,
      4.919713497161865,
      4.847889423370361,
      4.917889595031738,
      4.929839611053467,
      4.793069362640381,
      4.8618879318237305,
      4.808143615722656,
      4.805919170379639,
      4.734755039215088,
      4.599043369293213,
      4.693798065185547,
      4.403763771057129,
      4.759578704833984,
      4.5945024490356445,
      4.55802059173584,
      4.49442720413208,
      4.4076032638549805,
      4.523137092590332,
      4.374959468841553,
      4.310597896575928,
      4.417545318603516,
      4.467979431152344,
      4.5057878494262695,
      4.425503253936768,
      4.465569019317627,
      4.207857131958008,
      4.281376838684082,
      4.235710144042969,
      4.343231678009033,
      4.2066330909729,
      4.233786582946777,
      4.284772872924805,
      4.2304253578186035,
      4.188075065612793,
      4.163280963897705,
      4.018827438354492,
      4.114180564880371,
      4.148486614227295,
      4.112905502319336,
      4.119686126708984,
      4.0498247146606445,
      4.162806510925293,
      3.974478244781494,
      4.119569301605225,
      4.022147178649902,
      3.988377332687378,
      4.054605960845947,
      3.9438233375549316,
      4.0014119148254395,
      3.9646763801574707,
      3.8384833335876465,
      4.060934543609619,
      3.9701590538024902,
      3.913003921508789,
      4.027944564819336,
      3.869229793548584,
      3.7292447090148926,
      3.9952080249786377,
      3.8261537551879883,
      3.76853609085083,
      3.7236063480377197,
      3.818952798843384,
      3.760688543319702,
      3.9083991050720215,
      3.647822141647339,
      3.760932207107544,
      3.7867379188537598,
      3.9128293991088867,
      3.703756809234619,
      3.7218892574310303,
      3.639451265335083,
      3.662696123123169,
      3.813321590423584,
      3.720222234725952,
      3.831874132156372,
      3.676760196685791,
      3.722747802734375,
      3.695350408554077,
      3.6807093620300293,
      3.6569693088531494,
      3.5496842861175537,
      3.641817569732666,
      3.563432455062866,
      3.7423722743988037,
      3.639051675796509,
      3.6066765785217285,
      3.6444272994995117,
      3.5071756839752197,
      3.4900076389312744,
      3.548614025115967,
      3.473202705383301,
      3.5944812297821045,
      3.4420535564422607,
      3.452416181564331,
      3.5451292991638184,
      3.357396125793457,
      3.5170481204986572,
      3.4798731803894043,
      3.4701831340789795,
      3.467151165008545,
      3.408461093902588,
      3.471769094467163,
      3.3646790981292725,
      3.4193227291107178,
      3.4665017127990723,
      3.462425470352173,
      3.4728522300720215,
      3.4750988483428955,
      3.4831175804138184,
      3.447619915008545,
      3.379760265350342,
      3.2504734992980957,
      3.4692845344543457,
      3.4012978076934814,
      3.348412036895752,
      3.496056318283081,
      3.245474100112915,
      3.2443795204162598,
      3.3177003860473633,
      3.3812098503112793,
      3.2489235401153564,
      3.2492401599884033,
      3.3967318534851074,
      3.2824714183807373,
      3.33065128326416,
      3.311069965362549,
      3.3187360763549805,
      3.3384411334991455,
      3.2365565299987793,
      3.217827081680298,
      3.130993366241455
    ],