{
  "seed": 606,
  "accuracy": 0.5454545454545454,
  "precision": 0.43464667616389974,
  "recall": 0.5454545454545454,
  "f1": 0.44755786782733986,
  "class_precision": [
    0.9565217391304348,
    0.4332344213649852,
    0.0
  ],
  "class_recall": [
    0.6929133858267716,
    0.9733333333333334,
    0.0
  ],
  "class_f1": [
    0.8036529680365296,
    0.5995893223819302,
    0.0
  ],
  "train_samples": 1312,
  "val_samples": 328,
  "test_samples": 429,
  "total_samples": 2069,
  "training_history": {
    "loss": [
      839.3145141601562,
      108.00569152832031,
      75.8201904296875,
      49.79451370239258,
      49.53789520263672,
      48.3480224609375,
      20.73833656311035,
      25.207721710205078,
      15.693709373474121,
      18.09107780456543,
      13.184568405151367,
      19.874494552612305,
      15.153555870056152,
      16.26080322265625,
      12.423872947692871,
      14.82294750213623,
      6.386295318603516,
      9.373464584350586,
      6.1115498542785645,
      12.602534294128418,
      11.378120422363281,
      3.0176382064819336,
      4.97844934463501,
      19.083364486694336,
      5.978078365325928,
      6.169211387634277,
      18.079696655273438,
      5.07829475402832,
      15.63731575012207,
      14.893885612487793,
      1.7749412059783936,
      1.0720974206924438,
      22.46653175354004
    ],
    "val_loss": [
      81.37934112548828,
      40.3161506652832,
      48.69404983520508,
      61.87466812133789,
      123.58509063720703,
      39.23919677734375,
      46.91926574707031,
      75.10189056396484,
      29.998910903930664,
      11.626858711242676,
      21.584835052490234,
      19.826515197753906,
      16.54759407043457,
      23.298439025878906,
      20.345537185668945,
      20.397634506225586,
      10.409891128540039,
      8.385685920715332,
      9.994959831237793,
      10.745332717895508,
      16.548248291015625,
      16.436946868896484,
      29.250322341918945,
      21.246877670288086,
      23.591815948486328,
      15.032857894897461,
      20.22856903076172,
      11.766619682312012,
      33.59135055541992,
      24.366527557373047,
      25.9805850982666,
      42.16061019897461,
      24.072303771972656
    ],
    "accuracy": [
      0.8727133870124817,
      0.9237805008888245,
      0.9131097793579102,
      0.9199694991111755,
      0.9283536672592163,
      0.9161585569381714,
      0.9466463327407837,
      0.9352133870124817,
      0.9405487775802612,
      0.9291158318519592,
      0.9329268336296082,
      0.9253048896789551,
      0.9306402206420898,
      0.9420731663703918,
      0.9557926654815674,
      0.9413110017776489,
      0.9618902206420898,
      0.9618902206420898,
      0.9580792784690857,
      0.9474085569381714,
      0.9466463327407837,
      0.96875,
      0.9664633870124817,
      0.9542682766914368,
      0.96875,
      0.9710366129875183,
      0.9481707215309143,
      0.9778963327407837,
      0.9596036672592163,
      0.9535061120986938,
      0.9862805008888245,
      0.9855182766914368,
      0.9458841681480408
    ],
    "val_accuracy": [
      0.9298780560493469,
      0.9390243887901306,
      0.9268292784690857,
      0.9390243887901306,
      0.8536585569381714,
      0.9329268336296082,
      0.8719512224197388,
      0.9146341681480408,
      0.957317054271698,
      0.9542682766914368,
      0.9237805008888245,
      0.9207317233085632,
      0.9542682766914368,
      0.9451219439506531,
      0.9359756112098694,
      0.9237805008888245,
      0.9359756112098694,
      0.9390243887901306,
      0.9420731663703918,
      0.9298780560493469,
      0.9329268336296082,
      0.9390243887901306,
      0.9451219439506531,
      0.9481707215309143,
      0.9481707215309143,
      0.9420731663703918,
      0.9451219439506531,
      0.9481707215309143,
      0.9420731663703918,
      0.9481707215309143,
      0.9481707215309143,
      0.9420731663703918,
      0.9390243887901306
    ]
  }
}