{
  "seed": 42,
  "mse": 104.77458190917969,
  "rmse": 10.235945701599121,
  "r2": 0.6538398265838623,
  "rmspe": 100.10206604003906,
  "train_samples": 1469,
  "val_samples": 368,
  "test_samples": 93,
  "total_samples": 1930,
  "augmentation_ratio": 3.150537634408602,
  "training_history": {
    "loss": [
      18.32549285888672,
      14.450309753417969,
      13.397850036621094,
      12.633252143859863,
      11.872662544250488,
      11.444220542907715,
      11.035372734069824,
      10.879015922546387,
      10.53476619720459,
      10.273246765136719,
      9.96335220336914,
      9.746050834655762,
      9.476049423217773,
      9.461699485778809,
      9.052886009216309,
      8.702875137329102,
      8.678277015686035,
      8.885361671447754,
      8.399707794189453,
      8.434576034545898,
      8.282898902893066,
      7.9603166580200195,
      7.89661979675293,
      7.745256423950195,
      7.86121940612793,
      7.278315544128418,
      7.484414100646973,
      7.277520656585693,
      7.198235034942627,
      7.347618579864502,
      6.930594444274902,
      6.857824802398682,
      6.800732612609863,
      6.40946626663208,
      6.4194488525390625,
      6.33636474609375,
      6.234731197357178,
      6.233556270599365,
      6.1712446212768555,
      5.950867176055908,
      6.057305812835693,
      5.901101589202881,
      5.737247467041016,
      5.84098482131958,
      5.671234130859375,
      5.717019557952881,
      5.577791213989258,
      5.5185017585754395,
      5.528616428375244,
      5.351822376251221,
      5.270522594451904,
      5.4251275062561035,
      5.229461669921875,
      5.399423599243164,
      5.4147796630859375,
      4.7949934005737305,
      4.931008338928223,
      5.078845977783203,
      5.030741214752197,
      4.810400485992432,
      4.946177959442139,
      4.869807720184326,
      4.867615222930908,
      4.863908767700195,
      4.9313578605651855,
      4.7241530418396,
      4.887398719787598,
      4.437620162963867,
      4.547581672668457,
      4.680525779724121,
      4.647164821624756,
      4.49310302734375,
      4.4640913009643555,
      4.450219631195068,
      4.429242134094238,
      4.404638290405273,
      4.626316070556641,
      4.189435005187988,
      4.368575572967529,
      4.403287887573242,
      4.352401256561279,
      4.258392333984375,
      4.176883697509766,
      4.1632609367370605,
      4.068138599395752,
      4.112329006195068,
      4.195319175720215,
      4.1189069747924805,
      4.197657585144043,
      4.053340911865234,
      4.319883346557617,
      4.109328746795654,
      4.017865180969238,
      3.996661901473999,
      4.084156513214111,
      4.033863544464111,
      3.90950870513916,
      3.96490478515625,
      4.022825717926025,
      3.8434126377105713,
      3.8124725818634033,
      3.9368982315063477,
      3.7570388317108154,
      3.761007308959961,
      3.9589481353759766,
      3.9031805992126465,
      3.7184176445007324,
      3.637434959411621,
      3.8057074546813965,
      3.9735279083251953,
      3.6160013675689697,
      3.6705429553985596,
      3.868232011795044,
      3.7090141773223877,
      3.555673360824585,
      3.8453876972198486,
      3.717292547225952,
      3.712695837020874,
      3.5808606147766113,
      3.9728128910064697,
      3.583498477935791,
      3.6136696338653564,
      3.471095561981201,
      3.532388210296631,
      3.8288991451263428,
      3.6532013416290283,
      3.5330913066864014,
      3.408539056777954,
      3.74688982963562,
      3.441354751586914,
      3.4480512142181396,
      3.68052077293396,
      3.3502559661865234,
      3.4738047122955322,
      3.792922258377075,
      3.3101165294647217,
      3.269235134124756,
      3.583336114883423,
      3.4754526615142822,
      3.4880073070526123,
      3.401578426361084,
      3.63188099861145,
      3.3078079223632812,
      3.24068021774292,
      3.5497894287109375,
      3.3106062412261963,
      3.32552170753479,
      3.1316723823547363,
      3.396148443222046,
      3.311462163925171,
      3.2976462841033936,
      3.1978700160980225,
      3.3088364601135254,
      3.261329412460327,
      3.2502825260162354,
      3.22908091545105,
      3.284996271133423,
      3.303542137145996,
      3.5445358753204346,
      3.232170343399048,
      3.097043991088867,
      3.162217617034912,
      3.1837096214294434,
      3.137622594833374,
      3.1803970336914062,
      3.1444380283355713,
      3.2216010093688965,
      3.0180513858795166,
      3.029508590698242,
      3.1295573711395264,
      3.243360757827759,
      3.1671297550201416,
      3.233243465423584,
      3.2453935146331787,
      3.0311431884765625,
      3.1731314659118652,
      3.210801839828491,
      3.1162261962890625,
      3.114358425140381,
      3.117605686187744,
      3.064467430114746,
      3.134260654449463,
      3.056215286254883,
      3.047888994216919,
      2.978346109390259,
      3.196939468383789,
      2.9250972270965576,
      3.0871074199676514,
      2.9912145137786865,
      2.8851070404052734,
      3.067779541015625,
      3.058021306991577,
      3.0069527626037598,
      3.0223212242126465,
      3.015758991241455,
      3.113226890563965,
      2.9425160884857178,
      3.0887153148651123,
      2.9421801567077637,
      3.021986246109009,
      2.9890503883361816,
      2.990638017654419,
      3.016040325164795,
      2.9188292026519775,
      2.9302408695220947,
      3.0183370113372803,
      2.9451591968536377
    ],