{
  "seed": 42,
  "mse": 58.34581756591797,
  "rmse": 7.638443470001221,
  "r2": 0.8980578184127808,
  "rmspe": 47.30894470214844,
  "train_samples": 2367,
  "val_samples": 592,
  "test_samples": 145,
  "total_samples": 3104,
  "augmentation_ratio": 3.299168975069252,
  "training_history": {
    "loss": [
      20.372098922729492,
      15.767507553100586,
      14.54198932647705,
      13.756380081176758,
      13.240325927734375,
      12.56014347076416,
      11.978317260742188,
      11.59821605682373,
      11.048628807067871,
      10.681605339050293,
      10.333718299865723,
      9.590974807739258,
      9.440776824951172,
      9.179849624633789,
      9.148187637329102,
      8.63003921508789,
      8.541221618652344,
      8.162520408630371,
      8.219198226928711,
      8.150663375854492,
      7.7386088371276855,
      7.57205057144165,
      7.391624450683594,
      7.4579877853393555,
      7.133177280426025,
      6.83711051940918,
      6.866969108581543,
      6.961482524871826,
      6.8242950439453125,
      6.708252429962158,
      6.545801639556885,
      6.482936382293701,
      6.361708164215088,
      6.171361446380615,
      6.104286193847656,
      5.872401237487793,
      6.0559234619140625,
      5.918793678283691,
      5.951627254486084,
      5.937303066253662,
      5.59911584854126,
      5.661582946777344,
      5.755834102630615,
      5.730928421020508,
      5.542182922363281,
      5.459930896759033,
      5.458437442779541,
      5.377675533294678,
      5.228446960449219,
      5.281147003173828,
      5.35694694519043,
      5.288679122924805,
      5.184877395629883,
      5.065129280090332,
      5.164933681488037,
      5.225313186645508,
      4.922353744506836,
      4.981232166290283,
      4.996387958526611,
      4.975236415863037,
      4.791243076324463,
      4.778446674346924,
      4.879434108734131,
      4.882811069488525,
      4.7532958984375,
      4.8099775314331055,
      4.631175518035889,
      4.663499355316162,
      4.507037162780762,
      4.745204448699951,
      4.581849575042725,
      4.586022853851318,
      4.473560333251953,
      4.542480945587158,
      4.612135410308838,
      4.393713474273682,
      4.489241123199463,
      4.470834732055664,
      4.4236345291137695,
      4.468505859375,
      4.402705669403076,
      4.447730541229248,
      4.384199619293213,
      4.132755756378174,
      4.41909122467041,
      4.182314395904541,
      4.29043436050415,
      4.240909576416016,
      4.25821590423584,
      4.116581439971924,
      4.173463821411133,
      4.113246917724609,
      4.13094425201416,
      4.171998977661133,
      4.095694065093994,
      4.072011947631836,
      4.044571876525879,
      4.074736595153809,
      4.066416263580322,
      4.150923252105713,
      4.055770397186279,
      4.013968467712402,
      4.071250915527344,
      4.021468162536621,
      4.021370887756348,
      3.929548978805542,
      3.8583121299743652,
      3.856931447982788,
      4.010948181152344,
      3.8450403213500977,
      3.9126880168914795,
      3.8865435123443604,
      3.8605458736419678,
      3.889796495437622,
      3.809906482696533,
      3.8095006942749023,
      3.854623794555664,
      3.7200767993927,
      3.6997764110565186,
      3.70913028717041,
      3.787869930267334,
      3.789637327194214,
      3.6193199157714844,
      3.704834461212158,
      3.7231173515319824,
      3.7657630443573,
      3.719832181930542,
      3.6320767402648926,
      3.6187026500701904,
      3.6956024169921875,
      3.5961050987243652,
      3.5974159240722656,
      3.5447194576263428,
      3.5906503200531006,
      3.565152883529663,
      3.559617757797241,
      3.627499580383301,
      3.3674099445343018,
      3.6110851764678955,
      3.5088682174682617,
      3.552452325820923,
      3.544525146484375,
      3.619306802749634,
      3.3993072509765625,
      3.456803560256958,
      3.503638982772827,
      3.445082664489746,
      3.41968035697937,
      3.5545496940612793,
      3.376774549484253,
      3.4211361408233643,
      3.3072166442871094,
      3.371894121170044,
      3.4785890579223633,
      3.4504027366638184,
      3.5608718395233154,
      3.4620654582977295,
      3.4134023189544678,
      3.440109968185425
    ],