{
  "seed": 404,
  "accuracy": 0.5710955710955711,
  "precision": 0.43327572656701097,
  "recall": 0.5710955710955711,
  "f1": 0.46866260317396274,
  "class_precision": [
    0.9357798165137615,
    0.446875,
    0.0
  ],
  "class_recall": [
    0.8031496062992126,
    0.9533333333333334,
    0.0
  ],
  "class_f1": [
    0.864406779661017,
    0.6085106382978723,
    0.0
  ],
  "train_samples": 1312,
  "val_samples": 328,
  "test_samples": 429,
  "total_samples": 2069,
  "training_history": {
    "loss": [
      667.4283447265625,
      101.82646942138672,
      80.39801788330078,
      38.137901306152344,
      66.24141693115234,
      20.52370834350586,
      23.898277282714844,
      38.78520202636719,
      18.735393524169922,
      32.19641876220703,
      14.898561477661133,
      12.62136173248291,
      31.425540924072266,
      3.806535243988037,
      10.223302841186523,
      4.841489315032959,
      5.683638095855713,
      15.766824722290039,
      6.311163902282715,
      15.22291374206543,
      7.9105095863342285,
      8.584949493408203,
      9.838563919067383,
      6.955841064453125,
      4.596566200256348,
      9.710809707641602,
      9.020427703857422,
      3.9395925998687744,
      12.162761688232422,
      10.224740028381348,
      3.3859782218933105,
      11.996288299560547,
      10.456511497497559,
      11.220147132873535,
      6.505026340484619,
      11.673443794250488,
      9.505186080932617,
      1.9331505298614502,
      10.73803997039795
    ],
    "val_loss": [
      177.552978515625,
      116.33281707763672,
      17.221405029296875,
      50.226837158203125,
      38.9687614440918,
      30.946550369262695,
      77.25475311279297,
      20.925987243652344,
      41.112815856933594,
      12.900045394897461,
      34.75768280029297,
      15.23306655883789,
      11.173982620239258,
      5.019291877746582,
      3.1993720531463623,
      6.903478145599365,
      17.650760650634766,
      41.32099914550781,
      11.014083862304688,
      29.613197326660156,
      5.155855655670166,
      10.914626121520996,
      5.971839427947998,
      3.1421430110931396,
      19.060998916625977,
      15.882495880126953,
      31.708839416503906,
      11.068971633911133,
      18.311063766479492,
      26.959787368774414,
      12.436929702758789,
      30.297807693481445,
      49.55974197387695,
      32.990325927734375,
      12.497936248779297,
      82.79586029052734,
      17.933883666992188,
      22.63279151916504,
      30.002426147460938
    ],
    "accuracy": [
      0.8826219439506531,
      0.9138719439506531,
      0.9298780560493469,
      0.9367377758026123,
      0.9230182766914368,
      0.9435975551605225,
      0.9390243887901306,
      0.9245426654815674,
      0.9443597793579102,
      0.9382622241973877,
      0.9565548896789551,
      0.9512194991111755,
      0.9458841681480408,
      0.9771341681480408,
      0.957317054271698,
      0.9702743887901306,
      0.9634146094322205,
      0.9512194991111755,
      0.9649389982223511,
      0.9565548896789551,
      0.9679877758026123,
      0.9664633870124817,
      0.9664633870124817,
      0.9672256112098694,
      0.9763719439506531,
      0.9672256112098694,
      0.9702743887901306,
      0.9778963327407837,
      0.9603658318519592,
      0.9710366129875183,
      0.9824694991111755,
      0.9733231663703918,
      0.9626524448394775,
      0.9634146094322205,
      0.9672256112098694,
      0.9717987775802612,
      0.9786585569381714,
      0.9893292784690857,
      0.9763719439506531
    ],
    "val_accuracy": [
      0.8841463327407837,
      0.9542682766914368,
      0.9451219439506531,
      0.9451219439506531,
      0.9542682766914368,
      0.8384146094322205,
      0.9298780560493469,
      0.9359756112098694,
      0.917682945728302,
      0.9512194991111755,
      0.7987805008888245,
      0.9359756112098694,
      0.9695122241973877,
      0.9695122241973877,
      0.9817073345184326,
      0.9512194991111755,
      0.9542682766914368,
      0.9024389982223511,
      0.9146341681480408,
      0.9481707215309143,
      0.9634146094322205,
      0.957317054271698,
      0.9634146094322205,
      0.9603658318519592,
      0.9542682766914368,
      0.957317054271698,
      0.9512194991111755,
      0.9664633870124817,
      0.9603658318519592,
      0.9359756112098694,
      0.957317054271698,
      0.8902438879013062,
      0.957317054271698,
      0.9298780560493469,
      0.9695122241973877,
      0.9359756112098694,
      0.9664633870124817,
      0.8567073345184326,
      0.9695122241973877
    ]
  }
}