{
  "seed": 123,
  "accuracy": 0.9347319347319347,
  "precision": 0.9379561674122318,
  "recall": 0.9347319347319347,
  "f1": 0.9344249379214414,
  "class_precision": [
    0.8905109489051095,
    0.930379746835443,
    0.9850746268656716
  ],
  "class_recall": [
    0.9606299212598425,
    0.98,
    0.868421052631579
  ],
  "class_f1": [
    0.9242424242424242,
    0.9545454545454546,
    0.9230769230769231
  ],
  "train_samples": 1312,
  "val_samples": 328,
  "test_samples": 429,
  "total_samples": 2069,
  "training_history": {
    "loss": [
      0.9474893808364868,
      0.2508326768875122,
      0.31061145663261414,
      0.197933167219162,
      0.1716536283493042,
      0.16350965201854706,
      0.12429937720298767,
      0.24754773080348969,
      0.08813291043043137,
      0.123928003013134,
      0.1163618192076683,
      0.15596960484981537,
      0.061678048223257065,
      0.2282685786485672,
      0.076157346367836,
      0.04960791766643524,
      0.1369633972644806,
      0.09852838516235352,
      0.09331031888723373,
      0.07432255148887634,
      0.13711772859096527,
      0.047421883791685104,
      0.06528042256832123,
      0.05181238055229187,
      0.07359714061021805,
      0.29292023181915283,
      0.09916964918375015
    ],
    "val_loss": [
      0.18799948692321777,
      0.38929352164268494,
      0.19595453143119812,
      0.4340783655643463,
      0.23954150080680847,
      0.08018486946821213,
      0.1547701507806778,
      0.10521109402179718,
      0.1867174357175827,
      0.11871999502182007,
      0.10148659348487854,
      0.0735793188214302,
      0.25589069724082947,
      0.1646154522895813,
      0.17453879117965698,
      0.28945568203926086,
      0.443747878074646,
      0.14906321465969086,
      0.19552135467529297,
      0.5596796274185181,
      0.14586278796195984,
      0.14233525097370148,
      0.2813486158847809,
      0.22781485319137573,
      0.30665281414985657,
      0.27042073011398315,
      0.24134838581085205
    ],
    "accuracy": [
      0.886432945728302,
      0.9420731663703918,
      0.9306402206420898,
      0.9519817233085632,
      0.9504573345184326,
      0.9634146094322205,
      0.9733231663703918,
      0.9527438879013062,
      0.9748475551605225,
      0.9657012224197388,
      0.9725610017776489,
      0.9649389982223511,
      0.9817073345184326,
      0.9542682766914368,
      0.9740853905677795,
      0.9847561120986938,
      0.9717987775802612,
      0.9794207215309143,
      0.9778963327407837,
      0.9824694991111755,
      0.9702743887901306,
      0.9900914430618286,
      0.9824694991111755,
      0.9862805008888245,
      0.9832317233085632,
      0.9695122241973877,
      0.9839938879013062
    ],
    "val_accuracy": [
      0.9451219439506531,
      0.9298780560493469,
      0.9603658318519592,
      0.9207317233085632,
      0.9634146094322205,
      0.9725610017776489,
      0.9695122241973877,
      0.9756097793579102,
      0.9420731663703918,
      0.9756097793579102,
      0.9695122241973877,
      0.9786585569381714,
      0.9756097793579102,
      0.9603658318519592,
      0.9664633870124817,
      0.9603658318519592,
      0.9695122241973877,
      0.9756097793579102,
      0.9725610017776489,
      0.8658536672592163,
      0.9878048896789551,
      0.9878048896789551,
      0.9542682766914368,
      0.9695122241973877,
      0.9725610017776489,
      0.9664633870124817,
      0.9756097793579102
    ]
  }
}