{
  "seed": 42,
  "overall_metrics": {
    "accuracy": 0.9207459207459208,
    "precision_macro": 0.9228940793598112,
    "recall_macro": 0.9225853018372704,
    "f1_macro": 0.9216344315964048,
    "precision_weighted": 0.9230433499641929,
    "recall_weighted": 0.9207459207459208,
    "f1_weighted": 0.9207373742800703
  },
  "per_class_metrics": {
    "Drinking": {
      "precision": 0.9236641221374046,
      "recall": 0.952755905511811,
      "f1_score": 0.937984496124031,
      "support": 127
    },
    "Eating": {
      "precision": 0.88125,
      "recall": 0.94,
      "f1_score": 0.9096774193548387,
      "support": 150
    },
    "Not_Drinking": {
      "precision": 0.9637681159420289,
      "recall": 0.875,
      "f1_score": 0.9172413793103448,
      "support": 152
    }
  },
  "confusion_matrix": [
    [
      121,
      5,
      1
    ],
    [
      5,
      141,
      4
    ],
    [
      5,
      14,
      133
    ]
  ],
  "class_names": [
    "Drinking",
    "Eating",
    "Not_Drinking"
  ],
  "total_samples": 429
}