{
  "seed": 789,
  "performance_metrics": {
    "mse": 55.10331344604492,
    "rmse": 7.423160552978516,
    "r2": 0.9067713618278503,
    "rmspe": 59.154327392578125,
    "mae": 5.141179347860402,
    "residual_std": 7.245231335881082,
    "residual_mean": 1.6155302047729492
  },
  "dataset_info": {
    "test_samples": 145,
    "volume_min": 1.469147920608521,
    "volume_max": 103.8000030517578,
    "volume_mean": 34.26481731349024,
    "volume_std": 24.31163830943375
  },
  "error_analysis": {
    "mean_absolute_error": 5.141179347860402,
    "median_absolute_error": 3.4184093475341797,
    "max_absolute_error": 29.480749130249027,
    "mean_percentage_error": 26.06252799828443,
    "error_std": 5.354585872511577
  }
}