{
  "seed": 789,
  "performance_metrics": {
    "mse": 69.92232513427734,
    "rmse": 8.361956596374512,
    "r2": 0.7376039624214172,
    "rmspe": 61.09257507324219,
    "mae": 5.736996599422988,
    "residual_std": 8.332346318501282,
    "residual_mean": -0.7030822384742001
  },
  "dataset_info": {
    "test_samples": 93,
    "volume_min": 4.926108360290527,
    "volume_max": 85.69999694824219,
    "volume_mean": 26.678629321436727,
    "volume_std": 16.32410256259904
  },
  "error_analysis": {
    "mean_absolute_error": 5.736996599422988,
    "median_absolute_error": 3.6288833618164062,
    "max_absolute_error": 29.536527633666992,
    "mean_percentage_error": 32.10826816080495,
    "error_std": 6.08351788225438
  }
}