{
  "seed": 789,
  "mse": 69.92232513427734,
  "rmse": 8.361956596374512,
  "r2": 0.7376039624214172,
  "rmspe": 61.09257507324219,
  "train_samples": 1469,
  "val_samples": 368,
  "test_samples": 93,
  "total_samples": 1930,
  "augmentation_ratio": 3.150537634408602,
  "training_history": {
    "loss": [
      17.894420623779297,
      14.302557945251465,
      13.74085807800293,
      12.74122142791748,
      12.579316139221191,
      12.01911735534668,
      11.453851699829102,
      11.062653541564941,
      11.139944076538086,
      10.706247329711914,
      10.527196884155273,
      9.914505004882812,
      9.952557563781738,
      9.461891174316406,
      9.517729759216309,
      9.13290023803711,
      9.070547103881836,
      8.878884315490723,
      8.631272315979004,
      8.395105361938477,
      8.61638069152832,
      8.305069923400879,
      8.138893127441406,
      7.806171417236328,
      7.8006439208984375,
      7.68655252456665,
      7.635623455047607,
      7.490495204925537,
      7.472751140594482,
      7.316891670227051,
      7.18481969833374,
      7.005083084106445,
      7.267219066619873,
      6.779082775115967,
      6.713463306427002,
      6.766269207000732,
      6.666122913360596,
      6.64586067199707,
      6.340572357177734,
      6.262834072113037,
      6.509648323059082,
      6.424373626708984,
      5.989632606506348,
      5.929709434509277,
      6.1338300704956055,
      5.9112653732299805,
      6.078561305999756,
      5.8657073974609375,
      5.574733734130859,
      5.556872367858887,
      5.811906337738037,
      5.760565280914307,
      5.629594326019287,
      5.602962970733643,
      5.512545585632324,
      5.210666656494141,
      5.72991418838501,
      5.251681327819824,
      5.278690814971924,
      5.185495853424072,
      5.193192958831787,
      5.180770397186279,
      5.028909206390381,
      5.26255464553833,
      4.942930698394775,
      4.963107585906982,
      4.933789253234863,
      4.861881732940674,
      5.190365791320801,
      4.806220531463623,
      4.9027533531188965,
      4.925576210021973,
      4.760685920715332,
      4.728700160980225,
      4.435619831085205,
      4.505898952484131,
      4.664273262023926,
      4.674844741821289,
      4.438135623931885,
      4.452883720397949,
      4.550598621368408,
      4.69570255279541,
      4.433429718017578,
      4.367247104644775,
      4.319747447967529,
      4.59274959564209,
      4.325317859649658,
      4.282571792602539,
      4.549131870269775,
      4.1807332038879395,
      4.410827159881592,
      4.219178676605225,
      4.195818901062012,
      4.2903218269348145,
      4.170014381408691,
      4.111587047576904,
      3.939710855484009,
      3.9966847896575928,
      4.22398567199707,
      4.005514621734619,
      4.0925469398498535,
      4.093076229095459,
      3.895745277404785,
      4.110274791717529,
      4.0294928550720215,
      4.024472713470459,
      4.068329811096191,
      4.080398082733154,
      3.7343382835388184,
      3.8916432857513428,
      4.095807075500488,
      3.7964069843292236,
      4.044784069061279,
      3.8491814136505127,
      3.809521436691284,
      3.8729257583618164,
      3.78708553314209,
      3.8191416263580322,
      3.703859329223633,
      3.852189064025879,
      3.720888137817383,
      3.6478822231292725,
      3.776754856109619,
      3.4460575580596924,
      3.684441566467285,
      3.674398899078369,
      3.6723830699920654,
      3.6184732913970947,
      3.5269789695739746,
      3.562136173248291,
      3.5350849628448486,
      3.553255081176758,
      3.673048973083496,
      3.5145087242126465,
      3.511547327041626,
      3.601848840713501,
      3.4028191566467285,
      3.5979926586151123,
      3.407681941986084,
      3.7122673988342285,
      3.4058432579040527,
      3.6090335845947266,
      3.41796612739563,
      3.577319860458374,
      3.5356791019439697,
      3.344054937362671,
      3.408778667449951,
      3.454660415649414,
      3.2451324462890625,
      3.4416277408599854,
      3.2708401679992676,
      3.3931288719177246,
      3.385984420776367,
      3.258063316345215,
      3.3599979877471924,
      3.3490402698516846,
      3.3363146781921387,
      3.293069362640381,
      3.3107008934020996,
      3.5154428482055664,
      3.2673799991607666,
      3.075728416442871,
      3.349090576171875,
      3.2787139415740967,
      3.2875442504882812,
      3.2485029697418213,
      3.2704408168792725,
      3.2885499000549316,
      3.2455098628997803,
      3.2682552337646484,
      3.288639783859253,
      3.2529027462005615,
      3.256441116333008,
      3.1853134632110596,
      3.261335849761963,
      3.277343988418579,
      3.042832136154175,
      3.1543705463409424,
      3.2042548656463623,
      3.193620204925537,
      3.1400389671325684,
      3.2529094219207764,
      3.0986106395721436,
      3.126917600631714,
      2.967761754989624,
      3.277127504348755,
      3.1145424842834473,
      3.109118700027466,
      3.0033020973205566,
      3.0615243911743164,
      3.1338067054748535,
      3.0231900215148926,
      3.2244527339935303,
      3.080266237258911,
      3.0450947284698486,
      3.1955676078796387,
      2.9800353050231934,
      2.9965829849243164,
      3.1253483295440674,
      2.96625018119812,
      3.1604909896850586,
      3.1245102882385254,
      3.032111883163452,
      2.9981305599212646,
      3.2665750980377197,
      2.8873565196990967,
      3.113816738128662,
      2.869257688522339,
      3.165292501449585,
      2.8824994564056396,
      3.0423965454101562,
      3.0452797412872314,
      2.9013402462005615,
      3.022456645965576,
      2.924779176712036,
      2.970709800720215,
      2.940688133239746,
      2.936110734939575,
      2.8900394439697266,
      2.9456114768981934,
      2.9917569160461426,
      2.848426103591919,
      2.975008726119995,
      2.78216552734375,
      2.791640281677246,
      2.875382423400879,
      2.9180257320404053,
      2.851375102996826,
      3.0045664310455322,
      2.658299207687378,
      2.9663891792297363,
      2.8708317279815674,
      2.852137804031372,
      2.685337781906128,
      2.866638422012329,
      2.7367665767669678,
      2.8144614696502686,
      2.8980987071990967,
      2.781665802001953,
      2.9622929096221924,
      2.8028030395507812,
      2.6665515899658203,
      2.7591559886932373,
      2.9640817642211914,
      2.7720680236816406,
      2.765079975128174,
      2.8044910430908203,
      2.6700806617736816,
      2.7444446086883545,
      2.6965599060058594,
      2.7875397205352783,
      2.744891405105591,
      2.760003089904785,
      2.7852461338043213,
      2.775721549987793,
      2.623288631439209,
      2.6710381507873535,
      2.7496323585510254,
      2.6052920818328857,
      2.749936103820801,
      2.6527960300445557,
      2.7408640384674072,
      2.6912806034088135,
      2.7633283138275146,
      2.6562960147857666,
      2.724036455154419,
      2.646314859390259,
      2.689622640609741,
      2.7471675872802734,
      2.712749719619751,
      2.720453977584839,
      2.6937408447265625,
      2.6378180980682373,
      2.6552894115448,
      2.5656070709228516,
      2.642050266265869,
      2.495413064956665,
      2.677799940109253,
      2.7003071308135986,
      2.661442518234253,
      2.6305575370788574,
      2.7525973320007324,
      2.6111769676208496,
      2.545219898223877,
      2.5606205463409424,
      2.6344306468963623,
      2.5017812252044678,
      2.5160367488861084,
      2.6243200302124023,
      2.6161844730377197,
      2.5881967544555664,
      2.667050361633301,
      2.673241376876831,
      2.743375539779663,
      2.5563905239105225,
      2.5776946544647217,
      2.5267443656921387,
      2.725099563598633,
      2.6674749851226807,
      2.500225782394409,
      2.5916571617126465,
      2.579272747039795,
      2.508580207824707,
