{
  "seed": 789,
  "mse": 55.10331344604492,
  "rmse": 7.423160552978516,
  "r2": 0.9067713618278503,
  "rmspe": 59.154327392578125,
  "train_samples": 2367,
  "val_samples": 592,
  "test_samples": 145,
  "total_samples": 3104,
  "augmentation_ratio": 3.299168975069252,
  "training_history": {
    "loss": [
      19.97892189025879,
      15.697072982788086,
      14.470630645751953,
      13.552322387695312,
      12.845338821411133,
      12.131073951721191,
      11.5649995803833,
      11.324329376220703,
      10.935133934020996,
      10.547687530517578,
      10.076687812805176,
      9.7454195022583,
      9.469868659973145,
      9.133566856384277,
      8.838608741760254,
      8.800186157226562,
      8.477543830871582,
      8.359806060791016,
      8.393113136291504,
      8.006428718566895,
      7.817827224731445,
      7.771330833435059,
      7.664806365966797,
      7.430729866027832,
      7.385632514953613,
      7.124436855316162,
      6.950517654418945,
      7.108255863189697,
      7.093968391418457,
      6.932542324066162,
      6.720015048980713,
      6.664968967437744,
      6.5772247314453125,
      6.56949520111084,
      6.2683563232421875,
      6.406083583831787,
      6.341367244720459,
      6.233067512512207,
      6.099791049957275,
      6.10507869720459,
      6.0804667472839355,
      5.995030403137207,
      5.884194850921631,
      5.745981693267822,
      5.8974103927612305,
      5.731301307678223,
      5.797654151916504,
      5.723471641540527,
      5.655157566070557,
      5.622312068939209,
      5.499044418334961,
      5.584693908691406,
      5.342618465423584,
      5.286498069763184,
      5.445689678192139,
      5.386187553405762,
      5.213118076324463,
      5.292573928833008,
      5.12856912612915,
      5.128232002258301,
      5.142777919769287,
      5.208364963531494,
      4.992774963378906,
      4.958844184875488,
      4.863324165344238,
      4.863180637359619,
      5.040516376495361,
      4.891944885253906,
      4.8195295333862305,
      4.724506378173828,
      4.763612747192383,
      4.652935981750488,
      4.5666608810424805,
      4.578573703765869,
      4.664838790893555,
      4.523179531097412,
      4.65858268737793,
      4.555185317993164,
      4.493690490722656,
      4.425132751464844,
      4.2587995529174805,
      4.455913543701172,
      4.4371018409729,
      4.549244403839111,
      4.439805030822754,
      4.406938552856445,
      4.372940540313721,
      4.503534317016602,
      4.330470561981201,
      4.244909286499023,
      4.267390727996826,
      4.25093936920166,
      4.258075714111328,
      4.096463680267334,
      4.155172824859619,
      4.16079044342041,
      4.203012466430664,
      4.194777965545654,
      4.03078031539917,
      4.168271064758301,
      4.007432460784912,
      3.9589059352874756,
      4.060323238372803,
      3.966559648513794,
      3.916123151779175,
      4.120080471038818,
      3.9479382038116455,
      3.9758193492889404,
      3.87819766998291,
      3.9820668697357178,
      3.9006083011627197,
      3.9865071773529053,
      3.8683431148529053,
      3.8471968173980713,
      3.8537392616271973,
      3.7855451107025146,
      3.7976205348968506,
      3.842433214187622,
      3.783374786376953,
      3.661158323287964,
      3.7561073303222656,
      3.823303699493408,
      3.7724757194519043,
      3.7052624225616455,
      3.7193920612335205,
      3.668402671813965,
      3.7713780403137207,
      3.6370956897735596,
      3.657026529312134,
      3.590052366256714,
      3.72200083732605,
      3.6475000381469727,
      3.701566457748413,
      3.5632498264312744,
      3.658989191055298,
      3.6213622093200684,
      3.522036075592041,
      3.6611328125,
      3.6716411113739014,
      3.4978089332580566,
      3.508549451828003,
      3.516975164413452,
      3.617387533187866,
      3.5284910202026367,
      3.535135269165039,
      3.448200225830078,
      3.587367296218872,
      3.498441219329834,
      3.5492119789123535,
      3.4702610969543457,
      3.4563417434692383,
      3.4873781204223633,
      3.4625277519226074,
      3.4198381900787354,
      3.4120934009552,
      3.316577672958374,
      3.450223922729492,
      3.410407304763794,
      3.439692974090576,
      3.306870937347412,
      3.2945940494537354,
      3.352858781814575,
      3.3980910778045654,
      3.3742971420288086,
      3.3869059085845947
    ],