{
  "seed": 303,
  "accuracy": 0.5874125874125874,
  "precision": 0.4534920207997131,
  "recall": 0.5874125874125874,
  "f1": 0.48335821541563173,
  "class_precision": [
    0.9903846153846154,
    0.4584615384615385,
    0.0
  ],
  "class_recall": [
    0.8110236220472441,
    0.9933333333333333,
    0.0
  ],
  "class_f1": [
    0.8917748917748918,
    0.6273684210526316,
    0.0
  ],
  "train_samples": 1312,
  "val_samples": 328,
  "test_samples": 429,
  "total_samples": 2069,
  "training_history": {
    "loss": [
      881.4113159179688,
      99.34718322753906,
      60.754661560058594,
      63.49931335449219,
      47.733924865722656,
      32.31490707397461,
      32.23426055908203,
      18.387691497802734,
      39.01128005981445,
      13.753824234008789,
      30.455392837524414,
      18.46820068359375,
      17.546998977661133,
      7.880804061889648,
      13.38841438293457,
      12.240164756774902,
      11.499711990356445,
      13.25362491607666,
      37.11565399169922,
      9.208625793457031,
      15.725193977355957,
      22.738492965698242,
      10.707711219787598,
      4.991566181182861,
      11.78768253326416,
      10.199467658996582,
      7.205809593200684,
      4.449507236480713,
      29.45539665222168,
      12.398029327392578,
      5.297786712646484,
      2.8068554401397705,
      15.652131080627441,
      7.869785308837891,
      5.738205909729004,
      14.211949348449707,
      2.9472639560699463,
      14.802553176879883
    ],
    "val_loss": [
      253.40187072753906,
      138.87977600097656,
      33.891117095947266,
      253.0262908935547,
      24.235836029052734,
      29.308759689331055,
      19.231590270996094,
      45.04555130004883,
      15.298857688903809,
      39.80643844604492,
      28.624874114990234,
      28.31520652770996,
      25.2454891204834,
      18.9556941986084,
      28.678747177124023,
      23.40249252319336,
      36.98603820800781,
      22.675119400024414,
      39.15364456176758,
      28.50783348083496,
      28.12444305419922,
      12.293620109558105,
      9.67043685913086,
      26.147125244140625,
      47.95439529418945,
      22.94831085205078,
      14.378788948059082,
      41.36142349243164,
      48.38875961303711,
      18.988439559936523,
      20.343807220458984,
      35.369781494140625,
      28.6355037689209,
      19.76899528503418,
      20.70562744140625,
      37.62075424194336,
      36.34249496459961,
      47.54237365722656
    ],
    "accuracy": [
      0.8589938879013062,
      0.9283536672592163,
      0.9352133870124817,
      0.9237805008888245,
      0.9474085569381714,
      0.9405487775802612,
      0.9466463327407837,
      0.9596036672592163,
      0.9359756112098694,
      0.9580792784690857,
      0.9519817233085632,
      0.9588414430618286,
      0.9557926654815674,
      0.9672256112098694,
      0.9672256112098694,
      0.9611280560493469,
      0.9649389982223511,
      0.9649389982223511,
      0.9504573345184326,
      0.9794207215309143,
      0.9733231663703918,
      0.9634146094322205,
      0.9664633870124817,
      0.9878048896789551,
      0.9626524448394775,
      0.9763719439506531,
      0.980182945728302,
      0.9824694991111755,
      0.9588414430618286,
      0.9695122241973877,
      0.9763719439506531,
      0.9847561120986938,
      0.9672256112098694,
      0.9794207215309143,
      0.9756097793579102,
      0.9672256112098694,
      0.9900914430618286,
      0.9839938879013062
    ],
    "val_accuracy": [
      0.8475610017776489,
      0.9054877758026123,
      0.9268292784690857,
      0.8079268336296082,
      0.9420731663703918,
      0.9207317233085632,
      0.9603658318519592,
      0.9054877758026123,
      0.9603658318519592,
      0.9085366129875183,
      0.9390243887901306,
      0.9390243887901306,
      0.9268292784690857,
      0.9512194991111755,
      0.957317054271698,
      0.9146341681480408,
      0.9634146094322205,
      0.9695122241973877,
      0.957317054271698,
      0.9664633870124817,
      0.9390243887901306,
      0.9756097793579102,
      0.9725610017776489,
      0.9329268336296082,
      0.9481707215309143,
      0.9695122241973877,
      0.9481707215309143,
      0.9420731663703918,
      0.9664633870124817,
      0.9359756112098694,
      0.957317054271698,
      0.9542682766914368,
      0.9695122241973877,
      0.9756097793579102,
      0.9756097793579102,
      0.9695122241973877,
      0.9817073345184326,
      0.917682945728302
    ]
  }
}