{
  "seed": 505,
  "accuracy": 0.5874125874125874,
  "precision": 0.4534920207997131,
  "recall": 0.5874125874125874,
  "f1": 0.48335821541563173,
  "class_precision": [
    0.9903846153846154,
    0.4584615384615385,
    0.0
  ],
  "class_recall": [
    0.8110236220472441,
    0.9933333333333333,
    0.0
  ],
  "class_f1": [
    0.8917748917748918,
    0.6273684210526316,
    0.0
  ],
  "train_samples": 1312,
  "val_samples": 328,
  "test_samples": 429,
  "total_samples": 2069,
  "training_history": {
    "loss": [
      898.7033081054688,
      80.1243667602539,
      55.79237365722656,
      34.079410552978516,
      68.68565368652344,
      18.45896339416504,
      28.62700653076172,
      15.725739479064941,
      35.5384521484375,
      19.0173397064209,
      10.687935829162598,
      21.637908935546875,
      20.609390258789062,
      17.310035705566406,
      18.67120361328125,
      3.502037525177002,
      6.303685665130615,
      11.772744178771973,
      15.267536163330078,
      20.87278175354004,
      5.838907241821289,
      14.061114311218262,
      8.529989242553711
    ],
    "val_loss": [
      111.70967864990234,
      35.28225326538086,
      41.04530334472656,
      122.40480041503906,
      32.570308685302734,
      69.08451080322266,
      66.64482116699219,
      25.906707763671875,
      47.67357635498047,
      26.1759033203125,
      62.10828399658203,
      147.24717712402344,
      36.438602447509766,
      52.7922248840332,
      49.68431091308594,
      80.04983520507812,
      60.92232131958008,
      44.20771026611328,
      29.924848556518555,
      146.93209838867188,
      103.68283081054688,
      33.59562683105469,
      48.968894958496094
    ],
    "accuracy": [
      0.875,
      0.9291158318519592,
      0.9397866129875183,
      0.9397866129875183,
      0.9336889982223511,
      0.9550305008888245,
      0.9352133870124817,
      0.9466463327407837,
      0.9359756112098694,
      0.9512194991111755,
      0.9634146094322205,
      0.9390243887901306,
      0.9451219439506531,
      0.9550305008888245,
      0.9504573345184326,
      0.9725610017776489,
      0.9626524448394775,
      0.9626524448394775,
      0.9535061120986938,
      0.9618902206420898,
      0.9748475551605225,
      0.9535061120986938,
      0.9664633870124817
    ],
    "val_accuracy": [
      0.9268292784690857,
      0.9481707215309143,
      0.9451219439506531,
      0.8353658318519592,
      0.9542682766914368,
      0.9085366129875183,
      0.9481707215309143,
      0.9634146094322205,
      0.8841463327407837,
      0.9390243887901306,
      0.957317054271698,
      0.8993902206420898,
      0.9664633870124817,
      0.957317054271698,
      0.9481707215309143,
      0.9481707215309143,
      0.9481707215309143,
      0.9512194991111755,
      0.9481707215309143,
      0.9390243887901306,
      0.9298780560493469,
      0.9451219439506531,
      0.9603658318519592
    ]
  }
}