{
  "seed": 123,
  "mse": 70.81519317626953,
  "rmse": 8.415176391601562,
  "r2": 0.7890843152999878,
  "rmspe": 62.30463409423828,
  "train_samples": 1469,
  "val_samples": 368,
  "test_samples": 93,
  "total_samples": 1930,
  "augmentation_ratio": 3.150537634408602,
  "training_history": {
    "loss": [
      18.58456039428711,
      14.677796363830566,
      13.521714210510254,
      12.766456604003906,
      12.227806091308594,
      11.850105285644531,
      11.223570823669434,
      10.88235092163086,
      10.673547744750977,
      10.048134803771973,
      9.741262435913086,
      9.661612510681152,
      9.44802474975586,
      9.276006698608398,
      9.196115493774414,
      8.830099105834961,
      8.6279935836792,
      8.554638862609863,
      8.147919654846191,
      8.362685203552246,
      8.128212928771973,
      7.774463653564453,
      7.755958080291748,
      7.736823081970215,
      7.403148651123047,
      7.635657787322998,
      7.31743860244751,
      7.374686241149902,
      7.097224235534668,
      7.0443220138549805,
      7.078014850616455,
      6.879741668701172,
      6.760657787322998,
      6.675011157989502,
      6.6151227951049805,
      6.593376636505127,
      6.437544345855713,
      6.483010768890381,
      6.246987342834473,
      6.528506755828857,
      6.207631587982178,
      6.105188846588135,
      6.184072017669678,
      5.898179531097412,
      5.983893394470215,
      5.603298664093018,
      5.999586582183838,
      5.511406898498535,
      6.117436408996582,
      5.75177001953125,
      5.325425624847412,
      5.684403896331787,
      5.333354949951172,
      5.3130412101745605,
      5.483920097351074,
      5.350642204284668,
      5.351103782653809,
      5.201642036437988,
      5.2400593757629395,
      5.042786121368408,
      5.052937030792236,
      5.013935089111328,
      5.006375789642334,
      5.133663654327393,
      4.878676891326904,
      4.85793399810791,
      4.825739860534668,
      4.858029365539551,
      4.799941062927246,
      4.6288323402404785,
      4.5845160484313965,
      4.90603494644165,
      4.830584526062012,
      4.610469341278076,
      4.595074653625488,
      4.644704341888428,
      4.3399977684021,
      4.597897052764893,
      4.487421989440918,
      4.488715648651123,
      4.532241344451904,
      4.4404120445251465,
      4.341296195983887,
      4.442307949066162,
      4.189700126647949,
      4.2584919929504395,
      4.380402565002441,
      4.109528064727783,
      4.38845682144165,
      4.464277744293213,
      4.0232319831848145,
      4.317068576812744,
      4.137773036956787,
      4.120077610015869,
      4.037752151489258,
      4.255721569061279,
      3.893670082092285,
      4.082849979400635,
      4.128894329071045,
      4.1006693840026855,
      3.8278968334198,
      3.9944865703582764,
      3.8341851234436035,
      3.986093521118164,
      3.8920185565948486,
      4.0310444831848145,
      4.06581449508667,
      3.8344058990478516,
      3.6859116554260254,
      3.8816819190979004,
      3.7328696250915527,
      3.9747486114501953,
      3.871189594268799,
      3.864445924758911,
      3.587393283843994,
      3.813262939453125,
      3.761211633682251,
      3.917448043823242,
      3.6749045848846436,
      3.7664098739624023,
      3.73258900642395,
      3.664634943008423,
      3.677494525909424,
      3.6643640995025635,
      3.5618906021118164,
      3.6413912773132324,
      3.703526735305786,
      3.4360384941101074,
      3.548555374145508,
      3.695190191268921,
      3.59488844871521,
      3.4265940189361572,
      3.5740816593170166,
      3.518298387527466,
      3.5249664783477783,
      3.514482021331787,
      3.4776933193206787,
      3.5602593421936035,
      3.4171478748321533,
      3.6316163539886475,
      3.424438714981079,
      3.330606460571289,
      3.38663387298584,
      3.44999361038208,
      3.4718177318573,
      3.273646593093872,
      3.343954563140869,
      3.530409812927246,
      3.241316795349121,
      3.458303928375244,
      3.3438565731048584,
      3.34883189201355,
      3.409883499145508,
      3.211658000946045,
      3.4346561431884766,
      3.2504630088806152,
      3.3789350986480713,
      3.153783082962036,
      3.3258392810821533,
      3.3008904457092285,
      3.2673535346984863,
      3.264378309249878,
      3.252898931503296,
      3.113234519958496,
      3.226339817047119,
      3.3856430053710938,
      3.323417901992798,
      3.2159972190856934,
      3.2626283168792725,
      3.2371981143951416,
      3.0069241523742676,
      3.2070701122283936,
      3.1782591342926025,
      3.1551387310028076,
      3.2196390628814697,
      3.237522602081299,
      3.09460186958313,
      3.020237445831299,
      3.1081128120422363,
      3.187488317489624,
      3.1147561073303223,
      3.1965084075927734,
      3.0880815982818604,
      3.0991764068603516,
      3.139418125152588,
      3.0207207202911377,
      2.9976823329925537,
      2.9263951778411865,
      3.0527091026306152,
      3.107206344604492,
      2.9734506607055664,
      2.991476058959961,
      2.973644971847534,
      2.9838476181030273,
      3.037163496017456,
      3.079292058944702,
      2.84204363822937,
      3.013181686401367,
      3.161033868789673,
      3.1585309505462646,
      2.939575433731079,
      3.161125421524048,
      3.07865834236145,
      2.992151975631714,
      2.7671923637390137
    ],