{
  "seed": 123,
  "mse": 32.029884338378906,
  "rmse": 5.659494876861572,
  "r2": 0.9525960683822632,
  "rmspe": 53.53107452392578,
  "train_samples": 2367,
  "val_samples": 592,
  "test_samples": 145,
  "total_samples": 3104,
  "augmentation_ratio": 3.299168975069252,
  "training_history": {
    "loss": [
      19.492387771606445,
      15.696650505065918,
      14.855531692504883,
      13.780320167541504,
      12.844002723693848,
      12.326289176940918,
      11.865346908569336,
      10.96021556854248,
      10.78697681427002,
      10.332098960876465,
      10.035120964050293,
      9.753384590148926,
      9.239588737487793,
      9.214022636413574,
      8.888872146606445,
      8.673299789428711,
      8.373539924621582,
      8.219277381896973,
      7.966306209564209,
      7.86579704284668,
      7.755488395690918,
      7.5344953536987305,
      7.348076820373535,
      7.168968200683594,
      7.011388778686523,
      7.054618835449219,
      6.9358720779418945,
      6.860472202301025,
      6.96075439453125,
      6.597288131713867,
      6.334502220153809,
      6.316374778747559,
      6.2992024421691895,
      6.255494594573975,
      6.389636516571045,
      6.143063545227051,
      6.1131181716918945,
      6.031471252441406,
      6.068471431732178,
      5.753673553466797,
      6.018559455871582,
      5.8052449226379395,
      5.726994037628174,
      5.675238609313965,
      5.683328628540039,
      5.570444583892822,
      5.426933765411377,
      5.499817371368408,
      5.482090950012207,
      5.437471866607666,
      5.263914108276367,
      5.318325519561768,
      5.18742561340332,
      5.161555767059326,
      5.038069248199463,
      5.135313510894775,
      5.014997482299805,
      5.082940578460693,
      4.961488246917725,
      5.060443878173828,
      5.125672340393066,
      4.9083662033081055,
      4.8145036697387695,
      4.870240688323975,
      4.948157787322998,
      4.6892595291137695,
      4.835749626159668,
      4.792331695556641,
      4.860090255737305,
      4.635993003845215,
      4.821748733520508,
      4.72450065612793,
      4.717238426208496,
      4.714317321777344,
      4.585696220397949,
      4.713002681732178,
      4.471058368682861,
      4.606520175933838,
      4.3891425132751465,
      4.521784782409668,
      4.519708633422852,
      4.4659104347229,
      4.396888732910156,
      4.4415283203125,
      4.313586711883545,
      4.335855960845947,
      4.268531322479248,
      4.324658393859863,
      4.267364025115967,
      4.2126359939575195,
      4.102660179138184,
      4.28406286239624,
      4.272247791290283,
      4.327101230621338,
      4.203403472900391,
      4.209678649902344,
      4.187379837036133,
      4.181076526641846,
      4.212805271148682,
      4.085748672485352,
      4.172674655914307,
      4.112330913543701,
      4.100063800811768,
      4.0835981369018555,
      3.9479331970214844,
      3.9817662239074707,
      3.9789023399353027,
      4.088010311126709,
      3.957984685897827,
      3.9289064407348633,
      3.887057304382324,
      3.832470417022705,
      3.8392598628997803,
      3.8122122287750244,
      3.8405539989471436,
      3.84651255607605,
      3.862121105194092,
      3.864656686782837,
      3.875837564468384,
      3.839346408843994,
      3.9004318714141846,
      3.8174703121185303,
      3.770073890686035,
      3.82099986076355,
      3.870739459991455,
      3.7755472660064697,
      3.749845266342163,
      3.7688541412353516,
      3.791375160217285,
      3.536245346069336,
      3.7255361080169678,
      3.7006354331970215,
      3.6977579593658447,
      3.7423343658447266,
      3.6179039478302,
      3.5733864307403564,
      3.6192221641540527,
      3.6681671142578125,
      3.6233227252960205,
      3.6803205013275146,
      3.6187291145324707,
      3.6738884449005127,
      3.5798747539520264,
      3.5540032386779785,
      3.5732643604278564,
      3.509524345397949,
      3.535062313079834,
      3.420822858810425,
      3.540524959564209,
      3.4663188457489014,
      3.4881105422973633,
      3.4786124229431152,
      3.426776170730591,
      3.5269477367401123,
      3.565485715866089,
      3.4537405967712402,
      3.556637763977051,
      3.4400291442871094,
      3.5112967491149902,
      3.5383589267730713,
      3.4248757362365723,
      3.4225287437438965,
      3.3171064853668213,
      3.3674120903015137,
      3.3536429405212402,
      3.417315721511841,
      3.5246379375457764,
      3.4034600257873535,
      3.4076895713806152,
      3.2731430530548096,
      3.304349184036255,
      3.2424633502960205,
      3.4235212802886963,
      3.364879846572876,
      3.3570854663848877,
      3.2870261669158936,
      3.405951976776123,
      3.248971700668335,
      3.2801780700683594,
      3.150890827178955,
      3.3060967922210693,
      3.3580551147460938,
      3.3067526817321777,
      3.287205457687378,
      3.284663677215576,
      3.22607421875,
      3.188377857208252,
      3.234555721282959,
      3.210635185241699,
      3.340700626373291,
      3.123849630355835,
      3.105451822280884,
      3.1417789459228516,
      3.2885901927948,
      3.2009665966033936,
      3.209831714630127,
      3.234706163406372,
      3.186288356781006,
      3.1405608654022217,
      3.2492117881774902,
      3.204025983810425,
      3.199387311935425,
      3.0944466590881348,
      3.2091095447540283,
      3.1805901527404785,
      3.126781702041626,
      3.1374189853668213,
      3.118762969970703,
      3.054594039916992,
      3.091386079788208,
      3.0760929584503174
    ],