{
  "seed": 202,
  "accuracy": 0.5710955710955711,
  "precision": 0.44990675701146454,
  "recall": 0.5710955710955711,
  "f1": 0.46992012137240347,
  "class_precision": [
    0.9896907216494846,
    0.44879518072289154,
    0.0
  ],
  "class_recall": [
    0.7559055118110236,
    0.9933333333333333,
    0.0
  ],
  "class_f1": [
    0.8571428571428571,
    0.6182572614107884,
    0.0
  ],
  "train_samples": 1312,
  "val_samples": 328,
  "test_samples": 429,
  "total_samples": 2069,
  "training_history": {
    "loss": [
      870.5410766601562,
      84.80079650878906,
      63.71839141845703,
      38.95927810668945,
      42.91131591796875,
      28.583879470825195,
      24.596500396728516,
      21.431371688842773,
      19.80710220336914,
      9.592427253723145,
      11.20312213897705,
      8.399860382080078,
      18.938528060913086,
      6.8279709815979,
      3.624274730682373,
      16.521209716796875,
      13.48356819152832,
      5.713518142700195,
      7.976169586181641,
      8.773859024047852,
      4.469325542449951,
      7.085570335388184,
      5.502011775970459,
      3.886587381362915,
      2.4948673248291016,
      7.158897399902344,
      8.77517032623291,
      6.4549174308776855,
      5.02354621887207,
      5.325514316558838,
      2.2630271911621094,
      2.8641011714935303,
      2.368893623352051,
      3.6436588764190674,
      13.714605331420898,
      7.363357067108154,
      1.4020171165466309
    ],
    "val_loss": [
      150.3738555908203,
      107.43384552001953,
      40.98422622680664,
      51.74342727661133,
      172.85369873046875,
      45.21043395996094,
      35.30601119995117,
      30.83363914489746,
      9.656424522399902,
      12.095189094543457,
      19.840803146362305,
      36.802242279052734,
      7.405576229095459,
      12.684497833251953,
      7.723715305328369,
      22.258928298950195,
      6.827659606933594,
      14.11769962310791,
      31.823772430419922,
      7.54921293258667,
      14.044953346252441,
      5.325815677642822,
      8.46403980255127,
      5.712686061859131,
      6.3756842613220215,
      7.6094841957092285,
      10.956117630004883,
      17.79073715209961,
      9.835503578186035,
      17.166730880737305,
      8.320656776428223,
      6.952611923217773,
      41.83837127685547,
      12.094693183898926,
      22.695940017700195,
      10.237168312072754,
      8.548646926879883
    ],
    "accuracy": [
      0.8711889982223511,
      0.9184451103210449,
      0.9283536672592163,
      0.9283536672592163,
      0.9336889982223511,
      0.9420731663703918,
      0.9359756112098694,
      0.9375,
      0.9382622241973877,
      0.9504573345184326,
      0.9367377758026123,
      0.9519817233085632,
      0.9451219439506531,
      0.9641768336296082,
      0.9535061120986938,
      0.9367377758026123,
      0.948932945728302,
      0.9626524448394775,
      0.948932945728302,
      0.9626524448394775,
      0.9657012224197388,
      0.9649389982223511,
      0.9664633870124817,
      0.9679877758026123,
      0.9695122241973877,
      0.9603658318519592,
      0.9474085569381714,
      0.9588414430618286,
      0.9657012224197388,
      0.9550305008888245,
      0.9702743887901306,
      0.9626524448394775,
      0.9618902206420898,
      0.9717987775802612,
      0.9580792784690857,
      0.9657012224197388,
      0.9763719439506531
    ],
    "val_accuracy": [
      0.8689024448394775,
      0.8871951103210449,
      0.9390243887901306,
      0.9268292784690857,
      0.7743902206420898,
      0.9146341681480408,
      0.9146341681480408,
      0.9329268336296082,
      0.917682945728302,
      0.9146341681480408,
      0.9542682766914368,
      0.9146341681480408,
      0.9542682766914368,
      0.9481707215309143,
      0.9481707215309143,
      0.9237805008888245,
      0.9634146094322205,
      0.9268292784690857,
      0.9481707215309143,
      0.9512194991111755,
      0.9268292784690857,
      0.9512194991111755,
      0.9512194991111755,
      0.9695122241973877,
      0.9725610017776489,
      0.9634146094322205,
      0.9481707215309143,
      0.957317054271698,
      0.9268292784690857,
      0.9512194991111755,
      0.9634146094322205,
      0.9512194991111755,
      0.9359756112098694,
      0.9390243887901306,
      0.9451219439506531,
      0.957317054271698,
      0.9664633870124817
    ]
  }
}