{
  "seed": 456,
  "performance_metrics": {
    "mse": 111.93563842773438,
    "rmse": 10.579963684082031,
    "r2": 0.7146018743515015,
    "rmspe": 321.93914794921875,
    "mae": 6.514402540140255,
    "residual_std": 10.553867482827503,
    "residual_mean": -0.7426341752852162
  },
  "dataset_info": {
    "test_samples": 93,
    "volume_min": 0.800000011920929,
    "volume_max": 141.6000061035156,
    "volume_mean": 26.788799991530755,
    "volume_std": 19.804259999603445
  },
  "error_analysis": {
    "mean_absolute_error": 6.514402540140255,
    "median_absolute_error": 3.919111251831051,
    "max_absolute_error": 52.64508438110352,
    "mean_percentage_error": 77.50519678847196,
    "error_std": 8.336557077619002
  }
}