{
  "seed": 456,
  "mse": 111.93563842773438,
  "rmse": 10.579963684082031,
  "r2": 0.7146018743515015,
  "rmspe": 321.93914794921875,
  "train_samples": 1469,
  "val_samples": 368,
  "test_samples": 93,
  "total_samples": 1930,
  "augmentation_ratio": 3.150537634408602,
  "training_history": {
    "loss": [
      19.3752498626709,
      14.625903129577637,
      13.598485946655273,
      12.864155769348145,
      12.638557434082031,
      12.136950492858887,
      11.546579360961914,
      11.245466232299805,
      10.988906860351562,
      10.785713195800781,
      10.4226655960083,
      10.286417007446289,
      9.986523628234863,
      9.719995498657227,
      9.660375595092773,
      9.43762493133545,
      9.128708839416504,
      8.921998023986816,
      8.976165771484375,
      8.733652114868164,
      8.51598834991455,
      8.569415092468262,
      8.104458808898926,
      8.137397766113281,
      7.902936935424805,
      7.745186805725098,
      7.794229984283447,
      7.585097789764404,
      7.366411209106445,
      7.512388229370117,
      7.3029279708862305,
      7.2304534912109375,
      7.167609214782715,
      6.73569393157959,
      7.070000171661377,
      6.826319217681885,
      6.583134651184082,
      6.458284378051758,
      6.582159996032715,
      6.64126443862915,
      6.462419509887695,
      6.137521266937256,
      6.4855852127075195,
      6.347822189331055,
      6.482558727264404,
      6.123750686645508,
      6.322558879852295,
      5.859212398529053,
      5.914154529571533,
      5.845240592956543,
      5.947919845581055,
      5.721340656280518,
      5.700432777404785,
      5.679892539978027,
      5.756592273712158,
      5.545246124267578,
      5.353909969329834,
      5.511892795562744,
      5.3965277671813965,
      5.376377105712891,
      5.320796489715576,
      5.392626762390137,
      5.169205665588379,
      5.230629920959473,
      5.187832355499268,
      5.1144795417785645,
      5.154458045959473,
      5.149463176727295,
      5.018134593963623,
      4.919937610626221,
      5.227738857269287,
      4.918140888214111,
      4.714257717132568,
      4.969878673553467,
      4.951690196990967,
      4.947801113128662,
      4.6023054122924805,
      4.739608287811279,
      4.713298797607422,
      4.742300033569336,
      4.624346733093262,
      4.453640460968018,
      4.459496974945068,
      4.618178844451904,
      4.753340721130371,
      4.587486743927002,
      4.5191755294799805,
      4.598178386688232,
      4.5513176918029785,
      4.38900899887085,
      4.288894176483154,
      4.524631023406982,
      4.244766712188721,
      4.219015598297119,
      4.220706939697266,
      4.404614448547363,
      4.342499732971191,
      4.129623889923096,
      4.245481967926025,
      4.346583366394043,
      4.103580951690674,
      4.3137288093566895,
      4.171754360198975,
      4.2021098136901855,
      4.0954060554504395,
      4.072134494781494,
      4.156225681304932,
      4.149846076965332,
      4.038863182067871,
      4.061158180236816,
      3.925894021987915,
      3.9917213916778564,
      4.028665542602539,
      4.074594497680664,
      3.974457025527954,
      4.015634059906006,
      3.9940271377563477,
      3.9291951656341553,
      3.8170294761657715,
      3.9174904823303223,
      4.080040454864502,
      3.83027720451355,
      3.7015905380249023,
      3.581608295440674,
      3.7601072788238525,
      3.7964835166931152,
      3.699632167816162,
      3.7841439247131348,
      3.683828353881836,
      3.949418067932129,
      3.7415757179260254,
      3.710522174835205,
      3.6651744842529297,
      3.635240316390991,
      3.5776610374450684,
      3.5830092430114746,
      3.8042542934417725,
      3.7572004795074463,
      3.518347978591919,
      3.846165895462036,
      3.4623775482177734,
      3.838597059249878,
      3.720130205154419,
      3.491607427597046,
      3.6415133476257324,
      3.544081687927246,
      3.6083834171295166,
      3.731184959411621,
      3.517199993133545,
      3.604482889175415,
      3.6512291431427,
      3.4174907207489014,
      3.5394575595855713,
      3.3354151248931885,
      3.442249059677124,
      3.5921411514282227,
      3.4552581310272217,
      3.4057228565216064,
      3.4701437950134277,
      3.62957501411438,
      3.2125396728515625,
      3.67399001121521,
      3.3507802486419678,
      3.52714467048645,
      3.5554137229919434,
      3.5490739345550537,
      3.395322322845459,
      3.37868595123291,
      3.346193313598633,
      3.4339253902435303,
      3.48687744140625,
      3.3360612392425537,
      3.405494451522827,
      3.310356378555298,
      3.4028258323669434,
      3.188979148864746,
      3.2782399654388428,
      3.2145538330078125,
      3.300097942352295,
      3.172677993774414,
      3.258998155593872,
      3.039475202560425,
      3.388357162475586,
      3.253244161605835,
      3.1608846187591553,
      3.158381700515747,
      3.3238883018493652,
      3.2331185340881348
    ],