{
  "seed": 456,
  "mse": 48.78376770019531,
  "rmse": 6.984537601470947,
  "r2": 0.919154167175293,
  "rmspe": 53.39549255371094,
  "train_samples": 2367,
  "val_samples": 592,
  "test_samples": 145,
  "total_samples": 3104,
  "augmentation_ratio": 3.299168975069252,
  "training_history": {
    "loss": [
      19.438505172729492,
      15.676997184753418,
      14.611452102661133,
      13.634076118469238,
      13.194192886352539,
      12.554755210876465,
      11.897701263427734,
      11.486174583435059,
      10.944722175598145,
      10.62364673614502,
      10.193704605102539,
      9.919955253601074,
      9.65976333618164,
      9.422327995300293,
      9.067804336547852,
      8.695837020874023,
      8.535826683044434,
      8.108109474182129,
      8.056648254394531,
      7.765101432800293,
      7.596571445465088,
      7.382004261016846,
      7.5631818771362305,
      7.316125869750977,
      7.2590718269348145,
      7.099143981933594,
      6.830084323883057,
      6.9064836502075195,
      6.806427001953125,
      6.545425891876221,
      6.554243087768555,
      6.405853271484375,
      6.48716926574707,
      6.255110263824463,
      6.266290187835693,
      6.1345391273498535,
      6.09094762802124,
      6.050168514251709,
      5.9382500648498535,
      5.731919288635254,
      5.868385314941406,
      5.796126365661621,
      5.5786356925964355,
      5.635296821594238,
      5.55784797668457,
      5.526163101196289,
      5.533482074737549,
      5.469438076019287,
      5.320270538330078,
      5.270683765411377,
      5.3791422843933105,
      5.245017051696777,
      5.111380100250244,
      5.200281143188477,
      5.070074081420898,
      5.023377895355225,
      5.086086273193359,
      5.069944381713867,
      4.959005355834961,
      4.970815658569336,
      5.005366325378418,
      4.952731132507324,
      4.894420146942139,
      4.774807929992676,
      4.793421745300293,
      4.91340446472168,
      4.719765663146973,
      4.588866710662842,
      4.833970069885254,
      4.5633063316345215,
      4.604341506958008,
      4.46251916885376,
      4.614405155181885,
      4.600308418273926,
      4.635250568389893,
      4.623195171356201,
      4.568603515625,
      4.591617107391357,
      4.5655598640441895,
      4.351138114929199,
      4.389533996582031,
      4.314751625061035,
      4.312620162963867,
      4.326526165008545,
      4.268211364746094,
      4.251317501068115,
      4.225746154785156,
      4.421504020690918,
      4.193300724029541,
      4.4330854415893555,
      4.1502766609191895,
      4.115926265716553,
      4.279813289642334,
      4.212546348571777,
      4.118485927581787,
      4.263380527496338,
      4.042738437652588,
      4.070350170135498,
      4.127894878387451,
      3.956580877304077,
      4.08319091796875,
      4.0083160400390625,
      4.1453752517700195,
      4.033583641052246,
      3.991832733154297,
      3.892421007156372,
      4.000387191772461,
      3.849968194961548,
      3.9296212196350098,
      3.9751224517822266,
      3.8173749446868896,
      3.816075563430786,
      3.7910573482513428,
      4.001740455627441,
      3.8201537132263184,
      3.9690403938293457,
      3.8811793327331543,
      3.7655622959136963,
      3.7258827686309814,
      3.8276865482330322,
      3.8168141841888428,
      3.747593641281128,
      3.833643674850464,
      3.7047722339630127,
      3.6862809658050537,
      3.743096351623535,
      3.6185121536254883,
      3.759290933609009,
      3.693305253982544,
      3.63411021232605,
      3.692164659500122,
      3.668884754180908,
      3.68270206451416,
      3.6260743141174316,
      3.7092161178588867,
      3.610999822616577,
      3.6627066135406494,
      3.467165231704712,
      3.5446670055389404,
      3.613462209701538,
      3.529667615890503,
      3.6258137226104736,
      3.652902126312256,
      3.4992353916168213,
      3.5280814170837402,
      3.648308515548706,
      3.4799141883850098,
      3.519440174102783,
      3.563124418258667,
      3.538302421569824,
      3.5590615272521973,
      3.493553400039673,
      3.489362955093384,
      3.4279491901397705,
      3.491816282272339,
      3.497861385345459,
      3.506993055343628,
      3.4262568950653076,
      3.333744525909424,
      3.382791042327881,
      3.4835853576660156,
      3.402193546295166,
      3.4352216720581055,
      3.449681043624878,
      3.2879889011383057,
      3.314483880996704,
      3.411208152770996,
      3.3641319274902344,
      3.2657768726348877,
      3.4252209663391113,
      3.297854423522949,
      3.3154795169830322,
      3.309896469116211,
      3.3338775634765625,
      3.212930202484131,
      3.3713035583496094,
      3.3349502086639404,
      3.332818031311035,
      3.257634162902832,
      3.366816282272339,
      3.242410659790039,
      3.2936322689056396,
      3.2845242023468018,
      3.3885016441345215,
      3.2791616916656494,
      3.248044490814209,
      3.2867836952209473,
      3.350646734237671,
      3.145787477493286,
      3.23819637298584,
      3.1350584030151367,
      3.2338297367095947,
      3.213411808013916,
      3.2667107582092285,
      3.0999503135681152,
      3.2325358390808105,
      3.18086576461792,
      3.1938300132751465,
      3.06058669090271,
      3.093233585357666,
      3.1310062408447266,
      3.015038251876831,
      3.1047821044921875,
      3.1370134353637695,
      3.1654224395751953,
      3.007375478744507,
      3.09419846534729,
      3.139735698699951,
      3.0594611167907715,
      3.1751961708068848,
      3.06508207321167,
      3.124852180480957,
      3.1051697731018066,
      3.039397954940796,
      3.0407357215881348,
      3.0916213989257812,
      3.129038095474243,
      3.1274847984313965,
      3.1136839389801025,
      2.985816478729248,
      3.0397887229919434,
      3.038269281387329,
      2.9744482040405273,
      2.926246166229248,
      2.971611976623535,
      3.0975759029388428,
      3.014310121536255,
      3.0087363719940186,
      2.8695197105407715,
      3.00974178314209,
      2.870163679122925,
      3.0295746326446533,
      2.9624853134155273,
      3.0203397274017334,
      2.9615743160247803,
      2.9388997554779053,
      2.9774672985076904,
      2.860867977142334,
      2.9573898315429688,
      2.967636823654175,
      2.973987102508545,
      2.9452903270721436,
      3.045478343963623,
      2.8536510467529297,
      2.951817035675049,
      2.8357033729553223,
      2.970905303955078,
      2.970062017440796,
      2.9267802238464355
    ],