{
  "seed": 202,
  "performance_metrics": {
    "mse": 122.49564361572266,
    "rmse": 11.067774772644043,
    "r2": 0.668702244758606,
    "rmspe": 151.69232177734375,
    "mae": 7.269107510325729,
    "residual_std": 11.036195465617489,
    "residual_mean": 0.8354911605517067
  },
  "dataset_info": {
    "test_samples": 93,
    "volume_min": 0.800000011920929,
    "volume_max": 92.9000015258789,
    "volume_mean": 27.731900005571305,
    "volume_std": 19.22875141623861
  },
  "error_analysis": {
    "mean_absolute_error": 7.269107510325729,
    "median_absolute_error": 4.295195579528803,
    "max_absolute_error": 45.48610877990723,
    "mean_percentage_error": 50.041517135193295,
    "error_std": 8.346000948837844
  }
}