{
  "seed": 202,
  "mse": 52.85093307495117,
  "rmse": 7.269864559173584,
  "r2": 0.9066396951675415,
  "rmspe": 43.09491729736328,
  "train_samples": 2367,
  "val_samples": 592,
  "test_samples": 145,
  "total_samples": 3104,
  "augmentation_ratio": 3.299168975069252,
  "training_history": {
    "loss": [
      19.309284210205078,
      15.440744400024414,
      14.448240280151367,
      13.941577911376953,
      12.985685348510742,
      12.597920417785645,
      12.030832290649414,
      11.650053977966309,
      11.07375431060791,
      10.680008888244629,
      10.338525772094727,
      10.190547943115234,
      9.812593460083008,
      9.461520195007324,
      9.3291654586792,
      8.928092002868652,
      8.787298202514648,
      8.615432739257812,
      8.395873069763184,
      8.074849128723145,
      7.942742347717285,
      7.879403591156006,
      7.49228572845459,
      7.441627502441406,
      7.26385498046875,
      7.307470321655273,
      7.128218173980713,
      6.944910049438477,
      6.888762474060059,
      6.623449325561523,
      6.5652689933776855,
      6.506774425506592,
      6.654937744140625,
      6.359632968902588,
      6.497378349304199,
      6.26212215423584,
      6.1030592918396,
      6.2648491859436035,
      5.9681572914123535,
      6.01910400390625,
      5.8507466316223145,
      5.774296283721924,
      5.78619909286499,
      5.673004150390625,
      5.821405410766602,
      5.449734210968018,
      5.473259925842285,
      5.476345539093018,
      5.494674205780029,
      5.479804992675781,
      5.3667073249816895,
      5.498254776000977,
      5.218110084533691,
      5.184795379638672,
      5.175824165344238,
      5.20017147064209,
      5.009006977081299,
      5.112496376037598,
      5.026514530181885,
      5.127651691436768,
      5.007253170013428,
      4.940669536590576,
      4.858924865722656,
      5.040962219238281,
      5.008195400238037,
      4.963835716247559,
      4.794913291931152,
      4.705529689788818,
      4.7410149574279785,
      4.668893337249756,
      4.765186786651611,
      4.798624515533447,
      4.570035934448242,
      4.767037868499756,
      4.538866996765137,
      4.597271919250488,
      4.496514797210693,
      4.606754302978516,
      4.541252136230469,
      4.62514591217041,
      4.45915412902832,
      4.485121726989746,
      4.565537929534912,
      4.415969371795654,
      4.379197120666504,
      4.4393415451049805,
      4.3893656730651855,
      4.319693565368652,
      4.37934684753418,
      4.259843349456787,
      4.3136701583862305,
      4.338111877441406,
      4.112146854400635,
      4.2483320236206055,
      4.198919773101807,
      4.064082622528076,
      4.108614444732666,
      4.117976188659668,
      4.025331974029541,
      4.150294303894043,
      4.0860981941223145,
      4.078928470611572,
      4.147528648376465,
      4.180004119873047,
      4.020813465118408,
      4.071349143981934,
      3.9722237586975098,
      4.144341945648193,
      3.8850884437561035,
      4.012078285217285,
      3.9448695182800293,
      3.881589412689209,
      3.985703706741333,
      3.939250946044922,
      3.9297361373901367,
      4.070156097412109,
      3.9036526679992676,
      3.842123508453369,
      3.865229368209839,
      3.8661692142486572,
      3.773552894592285,
      3.802427053451538,
      3.9451942443847656,
      3.7027084827423096,
      3.77130126953125,
      3.8149588108062744,
      3.652019500732422,
      3.669226884841919,
      3.778984785079956,
      3.8608529567718506,
      3.548220157623291,
      3.6317081451416016,
      3.7711029052734375,
      3.657644271850586,
      3.7004551887512207,
      3.6012160778045654,
      3.5168964862823486,
      3.6709771156311035,
      3.592276096343994,
      3.7375526428222656,
      3.542635440826416,
      3.6003475189208984,
      3.6080915927886963,
      3.505525827407837,
      3.551840305328369,
      3.582134246826172,
      3.5026443004608154,
      3.575920820236206,
      3.7236580848693848,
      3.5844247341156006,
      3.539407253265381,
      3.5117266178131104,
      3.5079588890075684,
      3.4868147373199463,
      3.516122817993164,
      3.4132556915283203,
      3.4979305267333984,
      3.52984619140625,
      3.4975597858428955,
      3.411097526550293,
      3.4457244873046875,
      3.407691240310669,
      3.3145546913146973,
      3.436295986175537,
      3.315239667892456,
      3.4273922443389893,
      3.373690128326416,
      3.3477838039398193,
      3.4786579608917236,
      3.355199098587036,
      3.3869974613189697,
      3.3024871349334717,
      3.40279483795166,
      3.296862840652466,
      3.289062738418579,
      3.373147487640381,
      3.357323408126831,
      3.4310479164123535,
      3.2748961448669434,
      3.3964743614196777,
      3.313030242919922,
      3.2915234565734863,
      3.3575029373168945,
      3.2709031105041504,
      3.278125047683716,
      3.2286789417266846,
      3.2633981704711914,
      3.195610761642456,
      3.263214349746704,
      3.1766090393066406,
      3.1800589561462402,
      3.3377931118011475,
      3.1841537952423096,
      3.2095930576324463,
      3.0782203674316406,
      3.065865993499756,
      3.2833049297332764,
      3.1730763912200928,
      3.158207654953003,
      3.264444351196289,
      3.1800248622894287,
      3.0493903160095215,
      3.204495906829834,
      3.1907644271850586,
      3.1895363330841064,
      3.1997227668762207,
      3.1802046298980713,
      3.058014392852783,
      3.204608678817749,
      3.1522438526153564,
      3.151273250579834,
      3.1666998863220215,
      3.112454891204834,
      3.0476818084716797,
      3.095466136932373,
      3.085175037384033,
      3.0204617977142334,
      3.080223798751831,
      3.1484150886535645,
      3.034945249557495,
      3.083639621734619,
      3.096281051635742,
      3.11442494392395,
      3.0456531047821045,
      3.0649325847625732,
      2.9778709411621094,
      3.1455068588256836,
      3.033061981201172,
      3.169813632965088,
      2.935722589492798,
      3.06075382232666,
      2.965244770050049,
      3.062138319015503,
      3.0267398357391357,
      3.004474639892578,
      3.11028790473938,
      3.064594268798828,
      2.974693536758423,
      2.9956259727478027,
      2.966681718826294,
      2.947495937347412,
      3.050243377685547,
      3.0566608905792236,
      2.9051477909088135,
      2.8661627769470215,
      2.9346091747283936,
      2.961130142211914,
      2.97224497795105,
      2.9466910362243652,
      2.88842511177063,
      2.9641807079315186
    ],