{
  "seed": 606,
  "mse": 71.53227233886719,
  "rmse": 8.457674980163574,
  "r2": 0.9049498438835144,
  "rmspe": 68.00521850585938,
  "train_samples": 2367,
  "val_samples": 592,
  "test_samples": 145,
  "total_samples": 3104,
  "augmentation_ratio": 3.299168975069252,
  "training_history": {
    "loss": [
      20.45806121826172,
      15.868599891662598,
      14.83059310913086,
      13.779852867126465,
      13.25771427154541,
      12.928201675415039,
      12.152750968933105,
      11.590459823608398,
      11.34084701538086,
      10.767640113830566,
      10.53821086883545,
      10.097749710083008,
      9.637197494506836,
      9.403800010681152,
      9.183594703674316,
      8.74443244934082,
      8.451339721679688,
      8.521048545837402,
      8.1072359085083,
      7.96000862121582,
      7.717883110046387,
      7.630343914031982,
      7.622806072235107,
      7.453586101531982,
      7.329241752624512,
      7.121504306793213,
      7.036545276641846,
      6.903989315032959,
      6.9195661544799805,
      6.610262393951416,
      6.486340522766113,
      6.587601661682129,
      6.495098114013672,
      6.296303749084473,
      6.359897136688232,
      6.182466506958008,
      6.049696922302246,
      6.087029457092285,
      5.83316707611084,
      5.976052761077881,
      5.933594703674316,
      5.801297664642334,
      5.812880992889404,
      5.753767013549805,
      5.750583648681641,
      5.705536842346191,
      5.657290458679199,
      5.522954940795898,
      5.395563125610352,
      5.442523002624512,
      5.340379238128662,
      5.2618408203125,
      5.24174165725708,
      5.319735050201416,
      5.362411022186279,
      5.207685947418213,
      5.162049770355225,
      5.15016508102417,
      5.0212321281433105,
      5.028113842010498,
      5.008491516113281,
      5.046031951904297,
      5.012059211730957,
      4.827608108520508,
      4.959547519683838,
      4.953408718109131,
      4.989189147949219,
      4.752561569213867,
      4.792069911956787,
      4.786378383636475,
      4.750893592834473,
      4.779965877532959,
      4.707221508026123,
      4.7889018058776855,
      4.518896579742432,
      4.699286460876465,
      4.56598424911499,
      4.5854878425598145,
      4.428104877471924,
      4.5517072677612305,
      4.310396194458008,
      4.426265239715576,
      4.41841983795166,
      4.386633396148682,
      4.449376106262207,
      4.376768112182617,
      4.371121406555176,
      4.349183082580566,
      4.3076372146606445,
      4.3685994148254395,
      4.312961101531982,
      4.322061538696289,
      4.311831474304199,
      4.183833122253418,
      4.190698146820068,
      4.162354946136475,
      4.1579694747924805,
      4.257036209106445,
      4.250049591064453,
      4.2173309326171875,
      4.099711894989014,
      4.086080074310303,
      4.130738735198975,
      4.026658535003662,
      4.152390003204346,
      3.9096837043762207,
      4.112816333770752,
      4.00775671005249,
      4.0361104011535645,
      4.118069648742676,
      4.102360725402832,
      4.063355445861816,
      3.8894433975219727,
      3.900169610977173,
      3.9685115814208984,
      4.102138519287109,
      3.8027851581573486,
      3.8274073600769043,
      3.8071951866149902,
      3.8539011478424072,
      3.909799575805664,
      3.9156622886657715,
      3.7940661907196045,
      3.8668930530548096,
      3.8164243698120117,
      3.803229331970215,
      3.8429718017578125,
      3.7729294300079346,
      3.7800087928771973,
      3.6595776081085205,
      3.7227094173431396,
      3.7485923767089844,
      3.620175838470459,
      3.802572727203369,
      3.709902763366699,
      3.5938212871551514,
      3.617902994155884,
      3.5725769996643066,
      3.7632956504821777,
      3.7376630306243896,
      3.6995506286621094,
      3.5456459522247314,
      3.7781178951263428,
      3.5425760746002197,
      3.5762057304382324,
      3.5683491230010986,
      3.590736150741577,
      3.72153377532959,
      3.5255119800567627,
      3.5637433528900146,
      3.491027355194092,
      3.596204996109009,
      3.5778112411499023,
      3.400712728500366,
      3.4787392616271973,
      3.596925973892212,
      3.6299185752868652,
      3.4212563037872314,
      3.496147394180298,
      3.451200485229492,
      3.4525256156921387,
      3.488011598587036,
      3.5715689659118652,
      3.3970906734466553,
      3.5179405212402344,
      3.5120956897735596
    ],