{
  "seed": 606,
  "mse": 247.49440002441406,
  "rmse": 15.731954574584961,
  "r2": 0.5379631519317627,
  "rmspe": 124.98291778564453,
  "train_samples": 1469,
  "val_samples": 368,
  "test_samples": 93,
  "total_samples": 1930,
  "augmentation_ratio": 3.150537634408602,
  "training_history": {
    "loss": [
      20.22108268737793,
      14.630980491638184,
      12.995207786560059,
      12.568707466125488,
      12.21125602722168,
      11.773778915405273,
      11.16068172454834,
      11.086319923400879,
      10.834707260131836,
      10.616571426391602,
      10.291633605957031,
      10.151893615722656,
      9.745800971984863,
      9.659599304199219,
      9.385710716247559,
      9.39385986328125,
      8.874105453491211,
      9.006776809692383,
      8.773645401000977,
      8.704700469970703,
      8.632957458496094,
      8.251791954040527,
      8.520695686340332,
      8.076016426086426,
      8.298929214477539,
      7.80920934677124,
      7.767895221710205,
      7.551764011383057,
      7.578956127166748,
      7.252941608428955,
      7.074536323547363,
      7.431515693664551,
      7.128693103790283,
      7.013290882110596,
      6.832502365112305,
      6.893037796020508,
      6.995001792907715,
      6.641374111175537,
      6.788925647735596,
      6.428770542144775,
      6.436184883117676,
      6.517252445220947,
      6.486267566680908,
      6.081305027008057,
      6.401121139526367,
      6.283551216125488,
      6.069044589996338,
      5.832660675048828,
      5.968716621398926,
      5.785801887512207,
      5.876466751098633,
      5.886434078216553,
      5.823269367218018,
      5.7024993896484375,
      5.585300445556641,
      5.612979412078857,
      5.637453079223633,
      5.719995975494385,
      5.324164867401123,
      5.617216110229492,
      5.642027378082275,
      5.557888507843018,
      5.166795253753662,
      5.11740255355835,
      5.1672539710998535,
      5.167422771453857,
      5.156572341918945,
      5.126615524291992,
      5.205816745758057,
      4.930893421173096,
      4.989492893218994,
      5.110640048980713,
      4.9266037940979,
      4.932132720947266,
      4.735505104064941,
      4.953113555908203,
      4.952873706817627,
      4.676209926605225,
      4.863226890563965,
      4.908867359161377,
      4.609584808349609,
      4.688308238983154,
      4.711404800415039,
      4.8018269538879395,
      4.579529285430908,
      4.365482330322266,
      4.7334303855896,
      4.4798502922058105,
      4.490483283996582,
      4.427267551422119,
      4.577755928039551,
      4.408558368682861,
      4.567745685577393,
      4.2528910636901855,
      4.2473955154418945,
      4.581112861633301,
      4.327297210693359,
      4.152596950531006,
      4.3801350593566895,
      4.166553974151611,
      4.29373025894165,
      3.996051073074341,
      4.111780643463135,
      4.061820983886719,
      4.174123287200928,
      4.012617588043213,
      4.040491104125977,
      4.126245021820068,
      4.0668416023254395,
      4.034542083740234,
      3.823420763015747,
      3.9839775562286377,
      3.822343587875366,
      3.9375476837158203,
      4.032414436340332,
      4.042045593261719,
      3.7408597469329834,
      3.9639525413513184,
      3.9519035816192627,
      3.74356746673584,
      3.957975387573242,
      3.8805084228515625,
      3.6596322059631348,
      3.6936206817626953,
      4.043277740478516,
      3.748729944229126,
      3.6360557079315186,
      3.6551952362060547,
      3.8149218559265137,
      3.6113088130950928,
      3.59120512008667,
      3.6216628551483154,
      3.7684547901153564,
      3.572744369506836,
      3.4916858673095703,
      3.6211607456207275,
      3.4391682147979736,
      3.578312397003174,
      3.518195867538452,
      3.5136313438415527,
      3.3894221782684326,
      3.483825922012329,
      3.5299713611602783,
      3.2821319103240967,
      3.4404757022857666,
      3.479851484298706,
      3.463256597518921,
      3.539415121078491,
      3.4457831382751465,
      3.471789598464966,
      3.4430816173553467,
      3.4641401767730713,
      3.3544869422912598,
      3.332052230834961,
      3.5481204986572266,
      3.2810044288635254,
      3.4039359092712402,
      3.4961090087890625,
      3.420820474624634,
      3.2579779624938965,
      3.172013998031616,
      3.4355857372283936,
      3.2802927494049072,
      3.3223936557769775,
      3.2351253032684326,
      3.27752685546875,
      3.171666383743286,
      3.2553160190582275,
      3.1349196434020996,
      3.255343198776245,
      3.2017059326171875,
      3.3235626220703125,
      3.1935579776763916,
      3.3136918544769287,
      3.1382079124450684,
      3.2844440937042236,
      3.0954337120056152,
      3.1349337100982666,
      3.3189985752105713,
      3.2115867137908936,
      3.1419057846069336,
      3.0679264068603516,
      3.1036107540130615,
      3.131427049636841,
      3.1174004077911377,
      3.1027324199676514,
      3.09645676612854,
      3.1014463901519775,
      3.069427490234375,
      3.203270196914673,
      3.204822301864624,
      2.9523160457611084,
      3.024441957473755,
      3.050502061843872,
      2.9158661365509033,
      3.091864585876465,
      3.0605835914611816,
      3.088231325149536,
      3.0383493900299072,
      3.031731367111206,
      3.0708060264587402,
      2.814093589782715,
      3.030532121658325,
      2.9764652252197266,
      3.077575445175171,
      2.871765375137329,
      3.043696641921997,
      2.919541120529175,
      2.899982213973999,
      2.9969322681427,
      3.0156896114349365,
      2.8439443111419678,
      2.9896910190582275,
      2.803755283355713,
      2.9747719764709473,
      2.9456117153167725,
      2.9613115787506104,
      3.0055832862854004,
      2.896559953689575,
      2.790898084640503,
      2.8969151973724365,
      2.8232262134552,
      2.867133140563965,
      2.84407901763916,
      2.754586696624756,
      2.9236197471618652,
      2.952807664871216,
      2.7091808319091797,
      2.758885145187378,
      2.818629741668701,
      2.810473680496216,
      2.8622217178344727,
      2.832122564315796,
      2.7279226779937744,
      2.753566026687622,
      2.927170753479004,
      2.8815643787384033,
      2.817086935043335,
      2.77614164352417,
      2.7751412391662598,
      2.783074140548706,
      2.745363712310791,
      2.8432352542877197,
      2.6837692260742188,
      3.0224716663360596,
      2.805482864379883,
      2.8302054405212402,
      2.7111780643463135,
      2.8582043647766113,
      2.6160967350006104,
      2.966418743133545,
      2.6945695877075195,
      3.0102341175079346,
      2.7833969593048096,
      2.782064437866211,
      2.6831696033477783,
      2.719208002090454,
      2.676082134246826,
      2.6851706504821777,
      2.7736928462982178,
      2.6453845500946045,
      2.681683301925659,
      2.762880325317383,
      2.638303518295288,
      2.6576907634735107,
      2.6779415607452393,
      2.6093766689300537,
      2.719036102294922,
      2.74783992767334,
      2.6613519191741943,
      2.711909532546997,
      2.73374342918396,
      2.6970551013946533,
      2.6842634677886963,
      2.723057746887207,
      2.640770673751831,
      2.692800998687744,
      2.5277152061462402,
      2.6322038173675537,
      2.626350164413452,
      2.7154297828674316,
      2.5679492950439453,
      2.6360526084899902,
      2.6630589962005615,
      2.549288272857666,
      2.6353354454040527,
      2.5918750762939453,
      2.583451509475708,
      2.6934173107147217,
      2.6278252601623535,
      2.4710915088653564,
      2.5880184173583984,
      2.5678741931915283,
      2.57544207572937,
      2.5394742488861084,
      2.5087554454803467,
      2.5109121799468994,
      2.636922597885132,
      2.593707323074341,
      2.691047191619873,
      2.4941070079803467,
      2.680772304534912,
      2.475334405899048,
