{
  "seed": 101,
  "accuracy": 0.5477855477855478,
  "precision": 0.7564634196213144,
  "recall": 0.5477855477855478,
  "f1": 0.48258177804257846,
  "class_precision": [
    1.0,
    0.43859649122807015,
    0.8666666666666667
  ],
  "class_recall": [
    0.5669291338582677,
    1.0,
    0.08552631578947369
  ],
  "class_f1": [
    0.7236180904522613,
    0.6097560975609756,
    0.15568862275449102
  ],
  "train_samples": 1312,
  "val_samples": 328,
  "test_samples": 429,
  "total_samples": 2069,
  "training_history": {
    "loss": [
      786.0631713867188,
      90.93904113769531,
      44.524658203125,
      45.02558898925781,
      34.22339630126953,
      48.22665023803711,
      19.29509162902832,
      35.71882247924805,
      28.6658935546875,
      14.728679656982422,
      12.218086242675781,
      7.656044006347656,
      6.9604973793029785,
      16.993757247924805,
      14.059385299682617,
      4.222631454467773,
      10.331189155578613,
      5.128530025482178,
      9.46921443939209,
      20.81331443786621,
      8.909689903259277,
      7.492578983306885,
      9.089472770690918,
      3.558370351791382,
      6.6073317527771,
      4.204265594482422,
      5.023123264312744,
      11.651870727539062,
      1.9315427541732788,
      10.121445655822754,
      4.235840797424316,
      5.09341287612915,
      7.978362083435059,
      2.8465614318847656,
      8.9302339553833,
      2.644261360168457,
      5.281867027282715,
      3.177675485610962,
      4.2138471603393555,
      4.9019317626953125,
      1.614719271659851,
      1.3580399751663208,
      2.837930917739868,
      15.125551223754883,
      1.289103388786316,
      4.24833345413208,
      4.3091721534729,
      4.0134782791137695,
      2.781590223312378,
      2.564493417739868
    ],
    "val_loss": [
      128.374267578125,
      82.05706787109375,
      92.95613861083984,
      41.87574768066406,
      70.78838348388672,
      49.633872985839844,
      37.13681411743164,
      38.57742691040039,
      49.14536666870117,
      59.07585525512695,
      33.120262145996094,
      33.20302200317383,
      28.748849868774414,
      37.891700744628906,
      34.08917236328125,
      26.822757720947266,
      23.451425552368164,
      19.109724044799805,
      25.851715087890625,
      26.210161209106445,
      22.528715133666992,
      32.76469802856445,
      33.632286071777344,
      26.779598236083984,
      20.711246490478516,
      21.55257225036621,
      74.32723236083984,
      24.796125411987305,
      37.74506759643555,
      48.932472229003906,
      46.64934539794922,
      54.5021858215332,
      18.718748092651367,
      23.830440521240234,
      46.732418060302734,
      18.14554214477539,
      23.622907638549805,
      25.94970703125,
      46.17713165283203,
      33.33815383911133,
      32.57019805908203,
      27.333532333374023,
      89.31926727294922,
      37.81736755371094,
      31.843053817749023,
      21.390357971191406,
      16.950199127197266,
      38.12041091918945,
      61.38423538208008,
      42.11931228637695
    ],
    "accuracy": [
      0.8574694991111755,
      0.9100610017776489,
      0.9245426654815674,
      0.9268292784690857,
      0.9214938879013062,
      0.9131097793579102,
      0.9397866129875183,
      0.9153963327407837,
      0.9222561120986938,
      0.9321646094322205,
      0.9458841681480408,
      0.9397866129875183,
      0.9466463327407837,
      0.9245426654815674,
      0.9336889982223511,
      0.9596036672592163,
      0.9428353905677795,
      0.9504573345184326,
      0.9466463327407837,
      0.9253048896789551,
      0.9527438879013062,
      0.9596036672592163,
      0.9390243887901306,
      0.9603658318519592,
      0.9519817233085632,
      0.9596036672592163,
      0.9580792784690857,
      0.9535061120986938,
      0.9740853905677795,
      0.9474085569381714,
      0.9657012224197388,
      0.9603658318519592,
      0.9557926654815674,
      0.9557926654815674,
      0.9413110017776489,
      0.9710366129875183,
      0.9496951103210449,
      0.9679877758026123,
      0.9641768336296082,
      0.9580792784690857,
      0.9657012224197388,
      0.9748475551605225,
      0.9634146094322205,
      0.9451219439506531,
      0.9557926654815674,
      0.9717987775802612,
      0.9314024448394775,
      0.948932945728302,
      0.9611280560493469,
      0.9588414430618286
    ],
    "val_accuracy": [
      0.9207317233085632,
      0.9268292784690857,
      0.917682945728302,
      0.9390243887901306,
      0.8963414430618286,
      0.9207317233085632,
      0.9207317233085632,
      0.9115853905677795,
      0.8597561120986938,
      0.8841463327407837,
      0.9268292784690857,
      0.8628048896789551,
      0.9390243887901306,
      0.9085366129875183,
      0.9146341681480408,
      0.9207317233085632,
      0.9146341681480408,
      0.9390243887901306,
      0.9298780560493469,
      0.9329268336296082,
      0.9451219439506531,
      0.8628048896789551,
      0.9329268336296082,
      0.9207317233085632,
      0.9298780560493469,
      0.9146341681480408,
      0.8902438879013062,
      0.9481707215309143,
      0.9451219439506531,
      0.9420731663703918,
      0.9359756112098694,
      0.9390243887901306,
      0.9390243887901306,
      0.9298780560493469,
      0.9329268336296082,
      0.9298780560493469,
      0.917682945728302,
      0.9390243887901306,
      0.9237805008888245,
      0.9298780560493469,
      0.9390243887901306,
      0.8963414430618286,
      0.9359756112098694,
      0.9237805008888245,
      0.917682945728302,
      0.8628048896789551,
      0.9085366129875183,
      0.9329268336296082,
      0.8841463327407837,
      0.8993902206420898
    ]
  }
}