{
  "seed": 42,
  "accuracy": 0.9207459207459208,
  "precision": 0.9230433499641929,
  "recall": 0.9207459207459208,
  "f1": 0.9207373742800703,
  "class_precision": [
    0.9236641221374046,
    0.88125,
    0.9637681159420289
  ],
  "class_recall": [
    0.952755905511811,
    0.94,
    0.875
  ],
  "class_f1": [
    0.937984496124031,
    0.9096774193548387,
    0.9172413793103448
  ],
  "train_samples": 1312,
  "val_samples": 328,
  "test_samples": 429,
  "total_samples": 2069,
  "training_history": {
    "loss": [
      0.9916990399360657,
      0.2592048645019531,
      0.2855616509914398,
      0.19944681227207184,
      0.19206967949867249,
      0.14033398032188416,
      0.2003444880247116,
      0.17342901229858398,
      0.14584819972515106,
      0.10656474530696869,
      0.20307722687721252,
      0.07950109243392944,
      0.08958982676267624,
      0.13025853037834167,
      0.08966898918151855,
      0.1098908931016922,
      0.1149517372250557,
      0.1833239644765854,
      0.21104900538921356
    ],
    "val_loss": [
      0.2421416938304901,
      0.18825571238994598,
      0.1360534131526947,
      0.07244110852479935,
      0.08465655148029327,
      0.10269312560558319,
      0.27748751640319824,
      0.16577547788619995,
      0.12988831102848053,
      0.08342388272285461,
      0.1254918873310089,
      0.16401997208595276,
      0.14776058495044708,
      0.22734405100345612,
      0.17459477484226227,
      0.1500060260295868,
      0.4182035028934479,
      0.4264390468597412,
      0.21196378767490387
    ],
    "accuracy": [
      0.9070122241973877,
      0.9382622241973877,
      0.9428353905677795,
      0.9535061120986938,
      0.9550305008888245,
      0.9664633870124817,
      0.9527438879013062,
      0.9611280560493469,
      0.9748475551605225,
      0.9756097793579102,
      0.9733231663703918,
      0.980182945728302,
      0.9809451103210449,
      0.9733231663703918,
      0.9839938879013062,
      0.9786585569381714,
      0.9824694991111755,
      0.9740853905677795,
      0.9710366129875183
    ],
    "val_accuracy": [
      0.9603658318519592,
      0.9695122241973877,
      0.9725610017776489,
      0.9756097793579102,
      0.9725610017776489,
      0.9695122241973877,
      0.9664633870124817,
      0.9725610017776489,
      0.9542682766914368,
      0.9908536672592163,
      0.9664633870124817,
      0.957317054271698,
      0.9725610017776489,
      0.9634146094322205,
      0.9481707215309143,
      0.9756097793579102,
      0.9512194991111755,
      0.9786585569381714,
      0.9695122241973877
    ]
  }
}