{
  "seed": "42",
  "f1_score": 0.9207373742800703,
  "accuracy": 0.9207459207459208,
  "precision": 0.9230433499641929,
  "recall": 0.9207459207459208,
  "class_f1_scores": [
    0.937984496124031,
    0.9096774193548387,
    0.9172413793103448
  ],
  "class_names": [
    "Not_Drinking",
    "Drinking",
    "Eating"
  ],
  "confusion_matrix": [
    [
      121,
      5,
      1
    ],
    [
      5,
      141,
      4
    ],
    [
      5,
      14,
      133
    ]
  ],
  "total_samples": 429,
  "description": "Middle-performing model (Seed 42) selected from 10 random seeds for paper publication"
}