{
  "seed": 101,
  "performance_metrics": {
    "mse": 52.9435920715332,
    "rmse": 7.2762346267700195,
    "r2": 0.812682569026947,
    "rmspe": 149.49049377441406,
    "mae": 5.154879694984806,
    "residual_std": 7.272463436354001,
    "residual_mean": 0.23424511378811197
  },
  "dataset_info": {
    "test_samples": 93,
    "volume_min": 0.800000011920929,
    "volume_max": 90.19999694824219,
    "volume_mean": 25.818998191305386,
    "volume_std": 16.811930252539145
  },
  "error_analysis": {
    "mean_absolute_error": 5.154879694984806,
    "median_absolute_error": 3.4871368408203196,
    "max_absolute_error": 24.995483398437496,
    "mean_percentage_error": 39.99643904333672,
    "error_std": 5.135251750077379
  }
}