{
  "seed": 101,
  "mse": 29.37298583984375,
  "rmse": 5.419684886932373,
  "r2": 0.9522639513015747,
  "rmspe": 53.36138153076172,
  "train_samples": 2367,
  "val_samples": 592,
  "test_samples": 145,
  "total_samples": 3104,
  "augmentation_ratio": 3.299168975069252,
  "training_history": {
    "loss": [
      20.204242706298828,
      16.09734535217285,
      14.89706802368164,
      13.905901908874512,
      13.055264472961426,
      12.400777816772461,
      12.185602188110352,
      11.506131172180176,
      10.950395584106445,
      10.715429306030273,
      10.262205123901367,
      10.218335151672363,
      9.667106628417969,
      9.454923629760742,
      8.952746391296387,
      8.989365577697754,
      8.762643814086914,
      8.672301292419434,
      8.361955642700195,
      8.320906639099121,
      7.873382568359375,
      7.69935417175293,
      7.542423725128174,
      7.694890975952148,
      7.360461235046387,
      7.326503276824951,
      7.045684814453125,
      6.850032329559326,
      6.799436092376709,
      6.772257328033447,
      6.694324016571045,
      6.489484786987305,
      6.471052646636963,
      6.412357330322266,
      6.323716640472412,
      6.245378017425537,
      6.350502014160156,
      6.1771345138549805,
      5.968509674072266,
      5.928764820098877,
      5.855085372924805,
      5.974614143371582,
      5.767609596252441,
      5.7457451820373535,
      5.664299011230469,
      5.694741249084473,
      5.549589157104492,
      5.568949222564697,
      5.492271423339844,
      5.376345634460449,
      5.216683387756348,
      5.367138862609863,
      5.2544660568237305,
      5.383495807647705,
      5.232003688812256,
      5.3191728591918945,
      5.083505153656006,
      5.1306047439575195,
      5.149713516235352,
      5.039665222167969,
      5.1189985275268555,
      4.990654945373535,
      5.020540714263916,
      4.91049337387085,
      4.827936172485352,
      4.795836448669434,
      4.91774320602417,
      4.729036808013916,
      4.7728657722473145,
      4.79335880279541,
      4.821939468383789,
      4.548983573913574,
      4.767401695251465,
      4.608993053436279,
      4.618682861328125,
      4.477808952331543,
      4.638400554656982,
      4.604665279388428,
      4.417685508728027,
      4.346199035644531,
      4.54498291015625,
      4.451486587524414,
      4.421514987945557,
      4.335111618041992,
      4.339122295379639,
      4.471556186676025,
      4.253792762756348,
      4.173794746398926,
      4.310842037200928,
      4.398481845855713,
      4.286056995391846,
      4.25730037689209,
      4.309045791625977,
      4.267120361328125,
      4.064643859863281,
      4.293193817138672,
      4.268856048583984,
      4.045027256011963,
      4.137449741363525,
      3.9904351234436035,
      4.101107597351074,
      4.078816890716553,
      4.035820960998535,
      4.065332889556885,
      4.071494102478027,
      3.983696937561035,
      4.066168308258057,
      4.072532653808594,
      3.9564006328582764,
      3.9613630771636963,
      4.0041913986206055,
      3.900926351547241,
      3.925226926803589,
      3.821509599685669,
      3.842728853225708,
      3.9679176807403564,
      3.9516143798828125,
      3.8244385719299316,
      3.8255422115325928,
      3.8713226318359375,
      3.693509817123413,
      3.790930986404419,
      3.847341537475586,
      3.726722002029419,
      3.6962106227874756,
      3.7417449951171875,
      3.7351672649383545,
      3.700988292694092,
      3.651679277420044,
      3.7173140048980713,
      3.63836669921875,
      3.5808324813842773,
      3.617398977279663,
      3.4476001262664795,
      3.679176092147827,
      3.6607553958892822,
      3.7423315048217773,
      3.6191506385803223,
      3.5827574729919434,
      3.5529208183288574,
      3.5549328327178955,
      3.449087142944336,
      3.603459119796753,
      3.556182861328125,
      3.4684975147247314,
      3.5043373107910156,
      3.5754036903381348,
      3.566642999649048,
      3.4902825355529785,
      3.566418170928955,
      3.3732337951660156,
      3.504235029220581,
      3.4530982971191406,
      3.4282310009002686,
      3.5406126976013184,
      3.394733190536499,
      3.2932920455932617,
      3.348762035369873,
      3.4567201137542725,
      3.4184372425079346,
      3.3555257320404053,
      3.3744664192199707,
      3.3924763202667236,
      3.361231565475464,
      3.31474232673645,
      3.3690686225891113,
      3.3189854621887207,
      3.3454110622406006,
      3.3153653144836426,
      3.2943921089172363,
      3.4175820350646973,
      3.304698944091797,
      3.31567645072937,
      3.367379665374756,
      3.1905465126037598,
      3.2342782020568848,
      3.307229518890381,
      3.26171875,
      3.179762601852417,
      3.178663969039917,
      3.2247002124786377,
      3.252865791320801,
      3.1821436882019043,
      3.205300807952881,
      3.193310499191284,
      3.1784698963165283,
      3.162456750869751,
      3.1947593688964844,
      3.144590377807617,
      3.306241512298584,
      3.049001932144165,
      3.164533853530884,
      3.1704351902008057,
      3.2622063159942627,
      3.259754180908203,
      3.1346750259399414,
      3.1298470497131348,
      3.053591728210449,
      3.0646846294403076,
      3.2472450733184814,
      3.232321262359619,
      3.1215603351593018,
      3.1127829551696777,
      3.051227331161499,
      3.059781074523926,
      2.995913028717041,
      3.0590126514434814,
      3.0406405925750732,
      3.1344566345214844,
      3.0761914253234863,
      3.0416529178619385,
      3.047207832336426,
      3.0292110443115234,
      2.9555444717407227,
      3.0183873176574707,
      3.0436079502105713,
      3.052783966064453,
      2.9433395862579346,
      3.067176103591919,
      2.920037269592285,
      2.934701681137085,
      2.9938595294952393,
      3.0512070655822754,
      2.9011523723602295,
      2.9490976333618164,
      3.1058847904205322,
      2.9475812911987305,
      2.9351682662963867,
      3.0268728733062744,
      2.9401865005493164,
      2.9421257972717285,
      3.0841596126556396,
      2.929603099822998,
      2.9336345195770264,
      2.9359452724456787,
      2.9249954223632812,
      2.8972573280334473,
      2.946207046508789,
      2.9841012954711914,
      2.8588345050811768,
      2.9481546878814697,
      2.94648814201355,
      2.8938496112823486,
      2.9803802967071533,
      2.922590732574463,
      2.9380083084106445,
      2.8457353115081787,
      2.8922793865203857,
      2.7946693897247314,
      2.933858871459961,
      2.9058494567871094,
      2.980858325958252,
      2.823755979537964,
      2.904503107070923,
      2.8343851566314697,
      2.793654203414917,
      2.8473665714263916,
      2.8918943405151367,
      2.8804187774658203,
      2.754261016845703,
      2.8703103065490723,
      2.9017491340637207,
      2.847205638885498,
      2.820401430130005,
      2.85832142829895,
      2.7657382488250732,
      2.836263656616211,
      2.8597323894500732,
      2.766047477722168,
      2.811455249786377,
      2.8327476978302,
      2.8719520568847656,
      2.8519394397735596,
      2.6476359367370605,
      2.754633903503418,
      2.7791402339935303,
      2.778810977935791,
      2.859935760498047,
      2.7404866218566895,
      2.831221580505371,
      2.744232177734375,
      2.7603039741516113,
      2.816652774810791,
      2.820007085800171,
      2.7351136207580566,
      2.778069496154785,
      2.760159730911255,
      2.7570300102233887,
      2.6824662685394287,
      2.826706647872925,
      2.712233304977417,
      2.7584869861602783,
      2.7441604137420654,
      2.722928524017334,
      2.710808515548706,
      2.790419578552246,
      2.6815009117126465,
      2.7460579872131348,
      2.6969969272613525,
      2.641582489013672,
      2.685213565826416,
      2.6855812072753906,
      2.6975619792938232,
