{
  "seed": 101,
  "mse": 52.9435920715332,
  "rmse": 7.2762346267700195,
  "r2": 0.812682569026947,
  "rmspe": 149.49049377441406,
  "train_samples": 1469,
  "val_samples": 368,
  "test_samples": 93,
  "total_samples": 1930,
  "augmentation_ratio": 3.150537634408602,
  "training_history": {
    "loss": [
      19.12788200378418,
      14.449947357177734,
      13.307847023010254,
      12.441398620605469,
      11.912195205688477,
      11.47209358215332,
      10.954209327697754,
      10.534104347229004,
      10.356742858886719,
      10.2194185256958,
      9.729146957397461,
      9.673382759094238,
      9.321327209472656,
      9.272348403930664,
      9.051336288452148,
      8.760114669799805,
      8.745514869689941,
      8.506926536560059,
      8.477588653564453,
      8.387714385986328,
      8.071615219116211,
      7.8451128005981445,
      7.917478561401367,
      7.765838146209717,
      7.826539516448975,
      7.428588390350342,
      7.258286952972412,
      7.377749919891357,
      7.127651214599609,
      7.059690475463867,
      7.003902435302734,
      7.011648654937744,
      6.6657915115356445,
      6.939037322998047,
      6.765467643737793,
      6.743250370025635,
      6.539445400238037,
      6.264572620391846,
      6.419830322265625,
      6.234320163726807,
      6.33567476272583,
      6.248868942260742,
      6.094180583953857,
      6.087421417236328,
      6.009509086608887,
      5.7734055519104,
      6.059970855712891,
      6.013690948486328,
      5.813997268676758,
      5.909486770629883,
      5.679138660430908,
      5.440861701965332,
      5.8523759841918945,
      5.609034061431885,
      5.549576282501221,
      5.3805928230285645,
      5.464156627655029,
      5.289560794830322,
      5.379273891448975,
      5.35499382019043,
      5.474266529083252,
      5.257628917694092,
      5.044326305389404,
      5.191220760345459,
      5.295767784118652,
      4.9651336669921875,
      5.12296724319458,
      5.006879806518555,
      5.039248943328857,
      4.939865589141846,
      4.701661109924316,
      5.010227203369141,
      4.888402938842773,
      4.717444896697998,
      4.722100257873535,
      4.703186511993408,
      4.791281223297119,
      4.5037617683410645,
      4.662126064300537,
      4.6574177742004395,
      4.569438934326172,
      4.522981643676758,
      4.380826473236084,
      4.453063488006592,
      4.427689552307129,
      4.436977863311768,
      4.453521251678467,
      4.5108466148376465,
      4.217318534851074,
      4.441431522369385,
      4.052358150482178,
      4.314617156982422,
      4.191598415374756,
      4.254807949066162,
      4.165040969848633,
      4.265874862670898,
      4.229727745056152,
      4.18427038192749,
      3.949410915374756,
      4.027021884918213,
      4.099987983703613,
      3.908621311187744,
      4.136913299560547,
      4.136623382568359,
      3.842136859893799,
      3.9654700756073,
      4.070430278778076,
      3.9706380367279053,
      4.24153470993042,
      3.8947372436523438,
      3.9214208126068115,
      3.829916477203369,
      3.9340245723724365,
      3.90499210357666,
      3.844599485397339,
      3.6261751651763916,
      3.9371609687805176,
      3.9833383560180664,
      3.7834949493408203,
      3.6170384883880615,
      3.6850273609161377,
      3.7195053100585938,
      3.905465841293335,
      3.5730838775634766,
      3.691612482070923,
      3.709857225418091,
      3.6070539951324463,
      3.720151424407959,
      3.591099500656128,
      3.5537281036376953,
      3.580317974090576,
      3.4920156002044678,
      3.5696089267730713,
      3.669895648956299,
      3.549070358276367,
      3.3965799808502197,
      3.423083543777466,
      3.641669273376465,
      3.4858617782592773,
      3.48795747756958,
      3.4654295444488525,
      3.343172788619995,
      3.503232479095459,
      3.3817732334136963,
      3.471055030822754,
      3.467498540878296,
      3.439967393875122,
      3.6992950439453125,
      3.3992230892181396,
      3.213658094406128,
      3.4884727001190186,
      3.371816873550415,
      3.252225399017334,
      3.447117328643799,
      3.2606964111328125,
      3.3048675060272217,
      3.4426474571228027,
      3.3212697505950928,
      3.2349371910095215,
      3.378530979156494,
      3.1814687252044678,
      3.352501153945923,
      3.2055392265319824,
      3.390573501586914,
      3.148324728012085,
      3.278306484222412,
      3.346334934234619,
      3.2460601329803467,
      3.1567704677581787,
      3.226372480392456,
      3.408306837081909,
      3.0953879356384277,
      3.272625207901001,
      3.2630465030670166,
      3.120257616043091,
      3.1664130687713623,
      3.166269302368164,
      3.1393754482269287,
      3.2252392768859863,
      3.067110061645508,
      3.2241599559783936,
      3.195866823196411,
      2.942897081375122,
      3.2039763927459717,
      3.2196335792541504,
      3.1446120738983154,
      3.005425214767456,
      3.071321964263916,
      2.93827486038208,
      3.0226590633392334,
      3.10852313041687,
      2.8786325454711914,
      3.074078321456909,
      3.1483652591705322,
      3.0104777812957764,
      3.0082857608795166,
      2.846900224685669,
      3.068361282348633,
      3.0437986850738525,
      2.914781332015991,
      2.9887442588806152,
      3.0657105445861816,
      3.0835225582122803,
      2.837059259414673,
      3.022869825363159,
      3.0051465034484863,
      2.8896772861480713,
      2.889094591140747,
      3.0120902061462402,
      2.941415309906006,
      2.9079668521881104,
      2.9217851161956787,
      2.851353406906128,
      3.011033535003662,
      2.8287863731384277,
      2.9046342372894287
    ],